Ro,smiles
1.5627,[O-][N+](=O)[N-]CC[NH3+]
1.5316,[O-][N+](=O)c1cc(ccc1N/N=C(/c1ccco1)\C)[N+](=O)[O-]
1.3332,[O-][N+](=O)/N=C\1/C(=N\[N+](=O)[O-])/[C@@]2(C([C@H]1CC2)(C)C)C
1.3124,[O-][N+](=O)/C(=C/c1cn(c2c1cccc2)C)/C
1.3732,COc1ccc(cc1)/C=C(/c1ccc(cc1)[N+](=O)[O-])\C#N
1.3926,COc1ccc(cc1)Oc1ncccc1[N+](=O)[O-]
1.5603,[O-][N+](=O)c1cccc2c1[nH]nc2
1.4419,COc1ccccc1/C(=N/Nc1ccc(cc1[N+](=O)[O-])[N+](=O)[O-])/C
1.3336,[O-][N+](=O)c1cc2c(CCC(=O)OCC)c[nH]c2cc1
1.5313,O=C(c1ccccc1[N+](=O)[O-])OC(=O)c1ccccc1[N+](=O)[O-]
1.2978,CC(N1O[C@@H]1c1ccc(cc1)[N+](=O)[O-])C
1.5343,Cc1c([N+](=O)[O-])c(C)c(c(c1[N+](=O)[O-])C)[N+](=O)[O-]
1.7267,[N-]=[N+]=C1C=C(C=C(C1=O)[N+](=O)[O-])[N+](=O)[O-]
1.3874,[O-][N+](=O)c1ccccc1CN1CN1Cc1ccccc1[N+](=O)[O-]
1.3943,COC(=O)[C@@H](C(C)C)NC(=O)c1cc(cc(c1)[N+](=O)[O-])[N+](=O)[O-]
1.3615,CC[C@H]([C@H](C(=O)OC)Nc1ccc(cc1[N+](=O)[O-])[N+](=O)[O-])C
1.4911,O=C=Nc1ccc(cc1)[N+](=O)[O-]
1.4369,[O-][N+](=O)c1cccc(c1)COCc1cccc(c1)[N+](=O)[O-]
1.336,C/C(=N\NC(=O)c1ccccc1[N+](=O)[O-])/c1ccccn1
1.3482,OC[C@@H]1CC[C@@H](N1C(=O)c1ccccc1[N+](=O)[O-])OC
1.8092,[O-][N+](=O)c1c([N+](=O)[O-])c(c(n1C)[N+](=O)[O-])[N+](=O)[O-]
1.7674,Nc1nonc1c1nonc1c1nonc1[N+](=O)[O-]
1.7771,O=C1OC(=O)c2c3c1ccc(c3c(cc2)[N+](=O)[O-])[N+](=O)[O-]
1.5791,[O-][N+](=O)c1cc(n2cncn2)c(c(c1)[N+](=O)[O-])C
1.4616,[O-][N+](=O)c1ccc2c(c1)C(=NCN2)c1ccccc1
1.4851,[O-][N+](=O)c1ccc(cc1)OCn1ncnc1
1.4195,COc1c(OC)cccc1C(=O)Nc1ccc(cc1)[N+](=O)[O-]
1.4025,Oc1ccc(cc1/C=N/C1CC1)[N+](=O)[O-]
1.3613,Cc1ccc(cc1)N1C[C@H]2[C@]3(C1)C=C[C@]([C@@H]2C)(O3)[N+](=O)[O-]
1.4598,[O-][N+](=O)c1cc(ccc1Cc1ccncc1)[N+](=O)[O-]
1.4215,O=C(c1ccccc1Oc1ccccn1)c1ccc(cc1)[N+](=O)[O-]
1.3934,CC(=O)N1CCc2c1ccc(c2)[N+](=O)[O-]
1.7532,[O-][N+](=O)n1cnc(c1)[N+](=O)[O-]
1.4118,[O-][N+](=O)c1ccccc1c1cc[nH]n1
1.5828,[O-][N+](=O)c1cc(C(=O)N)c(c(c1)[N+](=O)[O-])C
1.432,O=C1[C@@H]2[C@@H]([C@@H]2[N+](=O)[O-])C(=O)N1Cc1ccccc1
1.3987,Cc1ccc(cc1)C/C=N/Nc1ccc(cc1[N+](=O)[O-])[N+](=O)[O-]
1.4186,C/C(=N\Nc1ccc(cc1)[N+](=O)[O-])/c1nccnc1
1.2799,C[C@H]([C@H](c1ccccc1)O)/N=C/c1ccc(cc1)[N+](=O)[O-]
1.6816,[O-][N+](=O)C1([N+](=O)[O-])[C@@H]2C[C@H]3[C@H]4[C@@H]2[C@H]2[C@@H]1C[C@H]([C@@H]42)C3([N+](=O)[O-])[N+](=O)[O-]
1.5167,O=C1/C(=C/Nc2ccc(cc2)[N+](=O)[O-])/C=CC=C1O
1.3471,O=Cc1n(nnc1C(C)(C)C)c1ccc(cc1)[N+](=O)[O-]
1.285,[O-][N+](=O)[C@H]1C(=C[C@@](C(=O)[C@@]1(C)O)(C)[N+](=O)[O-])C(C)(C)C
1.488,[O-][N+](=O)c1cc(ccc1Nc1ccccc1)[N+](=O)[O-]
1.5337,O=C(c1ccc(cc1)[N+](=O)[O-])Nc1ccc(cc1)[N+](=O)[O-]
1.3286,Cc1ccc(cc1)C(=C([N+](=O)[O-])[N+](=O)[O-])c1ccc(cc1)C
1.3732,O=C(c1ccc(cc1)[N+](=O)[O-])OCCn1ccc2c1cccc2
1.3849,[O-][N+](=O)c1ccc(cc1)COc1ccc2c(c1)cccn2
1.4405,CN(c1ccncc1)[N+](=O)[O-]
1.35,C/C(=C/C(=O)C)/Nc1ccc(cc1)[N+](=O)[O-]
1.5093,[O-][N+](=O)c1ccc(cc1)N(c1ccc(cc1)[N+](=O)[O-])c1ccc(cc1)[N+](=O)[O-]
1.4697,[O-][N+](=O)c1ccc(o1)/C=C/C(=O)c1ccccc1[N+](=O)[O-]
1.4215,OCCCNc1cc(NCCCO)c(cc1[N+](=O)[O-])[N+](=O)[O-]
1.1799,CC(NC(=O)c1cccc(c1[N+](=O)[O-])C)C
1.3532,[O-][N+](=O)c1ccc(cc1)[C@H]1Nc2ccccc2[C@H]2[C@@H]1CCO2
1.6598,N#Cc1c(cccc1[N+](=O)[O-])[N+](=O)[O-]
1.6253,[O-][N+](=O)c1cc([N+](=O)[O-])c2c(c1Nc1ccccc1)non2
1.4004,[O-][N+](=O)c1ccc(nc1)Oc1ccc2c(c1)cccc2
1.4194,C=C=C1CCCC[C@H]1OC(=O)c1cc(cc(c1)[N+](=O)[O-])[N+](=O)[O-]
1.4563,[O-][N+](=O)c1ccc2c(c1)ncc(n2)c1ccccc1
1.3937,O=C(Nc1ccc(cc1)C)Nc1ccc(cc1)[N+](=O)[O-]
1.2427,[O-][N+](=O)/C(=C/C=C/N1CCCC1)/C
1.3863,C[C@H]1CC=CC(=O)N1C(=O)c1ccc(cc1)[N+](=O)[O-]
1.5128,[N-]=[N+]=CC(=O)c1cccc(c1)[N+](=O)[O-]
1.3539,[O-][N+](=O)c1ccc(cc1)/N=C/c1c2ccccc2cc2c1cccc2
1.459,[O-][N+](=O)c1c(=O)oc2c(c1Nc1cccc3c1cccc3)cccc2
1.3103,Nc1ccc(cc1/N=C/c1ccc(cc1)N(C)C)[N+](=O)[O-]
1.3589,CCOC(=O)C1=C(C)OC(=C([C@H]1c1ccc(cc1)[N+](=O)[O-])C#N)N
1.4535,O=[N+](c1ccccc1)/C=C/1\C=CC(=[O+]1)[N+](=O)[O-]
1.5219,[O-][N+](=O)[C@@H]1[C@H]2[C@@H]3[C@@H]4C[C@H]2[C@@H]2[C@H]1[C@H]([C@H]3[N+](=O)[O-])[C@H]42
1.3163,CN(/C(=N\c1ccc(cc1)[N+](=O)[O-])/N(c1ccccc1)C)C
1.2488,CN(c1ccc(cc1)C(=C)c1ccc(cc1)[N+](=O)[O-])C
1.4166,CC1=NN(C(=O)/C/1=N\Nc1ccc(cc1)[N+](=O)[O-])c1ccccc1
1.4394,CCOC(=O)C1=C(C)NC(=O)N[C@@H]1c1cccc(c1)[N+](=O)[O-]
1.7385,[O-][N+](=O)N1CN(CC2(C1)CN(CN(C2)[N+](=O)[O-])[N+](=O)[O-])[N+](=O)[O-]
1.3512,Cc1ccccc1NC(=O)c1ccccc1[N+](=O)[O-]
1.4089,COc1ccccc1C(=O)N/N=C/c1ccc(cc1)[N+](=O)[O-]
1.5292,[O-][N+](=O)c1cc(ccc1C(=O)c1ccccn1)[N+](=O)[O-]
1.4636,CCOC(=O)c1cn(nc1C)c1ccc(cc1[N+](=O)[O-])[N+](=O)[O-]
1.3169,Cc1cc(nc(c1)C)NC(=O)[C@@H](c1ccc(cc1)[N+](=O)[O-])C
1.3844,[O-][N+](=O)[C@H]1C(=C[C@@](C(=O)[C@]1(C)[N+](=O)[O-])(C)[N+](=O)[O-])C(C)(C)C
1.398,N#C/C(=C\c1ccccc1OC)/[N+](=O)[O-]
1.4605,OC[C@H]1O[C@H](C[C@@H]1O)n1ccc2c1c(ccc2)[N+](=O)[O-]
1.8935,NC(=C([N+](=O)[O-])[N+](=O)[O-])N
1.7088,O=NN1CN(CCN(C1)[N+](=O)[O-])[N+](=O)[O-]
1.3137,N#C/C(=C\c1ccccc1)/c1cc(C)nc(c1[N+](=O)[O-])C
1.3126,[O-][N+](=O)[C@H]1C(=O)NC(=C[C@@H]1c1ccccc1)c1ccccc1
1.4219,N=C1OC2(CCCC2)Nc2c1cc(cc2)[N+](=O)[O-]
1.3714,CCOC(=O)/C(=C/c1ccccc1[N+](=O)[O-])/C#N
1.5874,ONc1cc(cc(c1C)[N+](=O)[O-])[N+](=O)[O-]
1.5422,NC(=O)NNC(=O)c1ccc(cc1)[N+](=O)[O-]
1.9155,[O-][N+](=O)c1n[nH]c(=O)[nH]1
1.318,COc1c(O)ccc(c1[N+](=O)[O-])/C=N/c1cc(C)cc(c1)C
1.5644,[O-][n+]1ccc(cc1)[N+](=O)[O-]
1.3603,OC[C@@H]1N[C@@H]1c1ccc(cc1)[N+](=O)[O-]
1.381,CN1N=C([C@@H]2C[C@@]1(O)CCC2)c1cccc(c1)[N+](=O)[O-]
1.6363,[O-][N+](=O)N1CN(CN(CN(C1)C(=O)C)[N+](=O)[O-])C(=O)C
1.3673,O=C1CCCCN1c1ccc(cc1)[N+](=O)[O-]
1.4365,C[C@@H]([C@H](c1ccc(cc1)[N+](=O)[O-])O)[N+](=O)[O-]
1.5533,[O-][N+](=O)C(C([N+](=O)[O-])(C)C)([N+](=O)[O-])C
1.5402,[O-][N+](=O)c1cc(ccc1[N+](=O)[O-])Cn1nncc1
1.592,Oc1ccc(cc1n1cnnn1)[N+](=O)[O-]
1.669,[O-][N+](=O)c1n[nH]cn1
1.3879,COc1ccc(cc1)C(=O)N/N=C/c1ccccc1[N+](=O)[O-]
1.3639,CC(=O)/C(=N/Nc1ccccc1[N+](=O)[O-])/C
1.4183,COc1ccc(cc1)/N=C/c1cc(ccc1O)[N+](=O)[O-]
1.6593,[O-][N+](=O)C1=C(C)[N+](=O)O[N-]1
1.4292,C/C(=C\c1ccccc1[N+](=O)[O-])/[N+](=O)[O-]
1.4492,COc1ccc(c(c1)[N+](=O)[O-])C#N
1.3144,C#CCN(c1ccc(cc1)C)Cc1ccc(o1)[N+](=O)[O-]
1.6876,O/N=C/1\Oc2c(C1=O)cc(cc2)[N+](=O)[O-]
1.3898,[O-][N+](=O)c1cc(ccc1N/N=C/1\C[C@H]2C[C@@H]1c1c2cccc1)[N+](=O)[O-]
1.3137,O=C(Cc1ccccc1)Nc1ccc(cc1)[N+](=O)[O-]
1.4162,Cc1ccc(cc1)/[NH+]=C/1\C=CC(=C[N+]1=O)[N+](=O)[O-]
1.4428,CC(=O)O/N=C/c1cccc(c1)[N+](=O)[O-]
1.4434,N#C/C(=N\Nc1ccccc1[N+](=O)[O-])/C(=O)C
1.8116,Nc1nc(N)c(nc1[N+](=O)[O-])[N+](=O)[O-]
1.369,[O-][N+](=O)c1ccc2c(c1)c(nn2C)c1ccccc1
1.4654,[O-][N+](=O)c1cc(ccc1N/N=C/1\[C@H]2C[C@H]3[C@H]4[C@@H]1[C@@H]2[C@@H]3C=C4)[N+](=O)[O-]
1.5555,[O-][N+](=O)c1cccnc1N
1.2571,CN(/N=C/C(=N\N1CCCC1)/c1ccc(cc1)[N+](=O)[O-])C
1.7934,Oc1cc(O)c(cc1[N+](=O)[O-])[N+](=O)[O-]
1.2995,[O-][N+](=O)c1ccc(cc1)N/N=C/C=C/c1ccccc1
1.4794,CONC(=O)Nc1ccc(cc1)[N+](=O)[O-]
1.5604,[O-][N+](=O)C(=c1nc([nH]c(=O)[nH]1)N1CCCCC1)[N+](=O)[O-]
1.4519,C/C=N/Nc1ccc(cc1[N+](=O)[O-])[N+](=O)[O-]
1.5133,[O-][N+](=O)/C=C\N
1.3673,COc1cccc(c1)/C(=N/Nc1ccc(cc1)[N+](=O)[O-])/C
1.39,OC(=O)/C=C/c1ccc(c(c1)[N+](=O)[O-])N(C)C
1.7588,[O-][N+](=O)c1cc(cc(c1N)[N+](=O)[O-])n1cnnn1
1.4628,CCOC(=O)c1ccccc1NC(=O)c1cc(cc(c1)[N+](=O)[O-])[N+](=O)[O-]
1.6207,[O-][N+](=O)c1cc2n3c(COc2c(c1)[N+](=O)[O-])nn(c3=O)/C(=C(/O)\C)/C(=O)C
1.2727,CCOc1cc([N+](=O)[O-])c2c(c1)C(=CC(N2)(C)C)C
1.4999,[O-][N+](=O)c1ccc(c(c1)c1nc2c([nH]1)cccc2)O
1.3184,[O-][N+](=O)c1ccc(cc1)N/N=C/c1ccc2c(c1)OCO2
1.6034,[O-][N+](=O)[C@H]1C[C@@H]1[N+](=O)[O-]
1.37,[O-][N+](=O)c1ccc(cc1)CN1[C@@H]2[C@H]1COCOC2
1.3393,[O-][N+](=O)c1cccc2c1C=C/C/2=C\N1CCCC1
1.498,O=C(c1ccccc1)/C=c/1\[nH]c2cc(ccc2oc1=O)[N+](=O)[O-]
1.3283,CN(C(=O)c1ccccc1)c1ccc(cc1)[N+](=O)[O-]
1.7395,Nc1cc(N)c(cc1[N+](=O)[O-])[N+](=O)[O-]
1.3328,O[C@@H]1CCCC[C@H]1Nc1ccc(cc1)[N+](=O)[O-]
1.5079,O=C(Nc1ccc(cc1)O)Nc1ccc(cc1)[N+](=O)[O-]
1.4892,CCn1c2ncc(c(=O)n2c2c1cccc2)[N+](=O)[O-]
1.355,[O-][N+](=O)[N-][N+](C)(C)C
1.3421,N#C[C@H](c1ccccc1[N+](=O)[O-])CC1=CCCCC1=O
1.4436,[O-][N+](=O)c1ccc(c2c1non2)N1CCCCCC1
1.389,[O-][N+](=O)c1ccc(nc1C)/N=N/c1ccccc1
1.4987,O=C(Cn1cccc(c1=O)[N+](=O)[O-])Nc1ccccc1
1.5067,COc1cc(=O)c2c([nH]c1=O)ccc(c2)[N+](=O)[O-]
1.4609,[O-][N+](=O)C1(CCCCCCc2c1cno2)[N+](=O)[O-]
1.7219,CC(C([N+](=O)[O-])([N+](=O)[O-])C)([N+](=O)[O-])[N+](=O)[O-]
1.4605,CCOC(=O)CCn1cc([N+](=O)[O-])c(=O)[nH]c1=O
1.6005,Nc1cc(cc(c1)[N+](=O)[O-])[N+](=O)[O-]
1.7998,[O-][N+](=O)Cn1nnc(n1)[N+](=O)[O-]
1.5642,O/N=C/c1ccc(c(c1)[N+](=O)[O-])O
1.3372,COc1ccc(cc1)N(c1ccc(cc1)[N+](=O)[O-])C(=O)C
1.292,[O-][N+](=O)c1ccc(cc1)/C=N/N(c1ccccc1)c1ccccc1
1.385,COc1cc(/N=C/c2ccc(cc2)[N+](=O)[O-])cc(c1OC)OC
1.5935,[O-][N+](=O)c1cc(C)c(c(c1C)[N+](=O)[O-])[N+](=O)[O-]
1.4543,O=C1N[C@@H](c2ccccc2)C(=C(N1)c1ccccc1O)[N+](=O)[O-]
1.8422,[O-][N+](=O)c1nc(cn1c1c([N+](=O)[O-])c(N)c(c(c1[N+](=O)[O-])N)[N+](=O)[O-])[N+](=O)[O-]
1.425,CO/C(=N/C(=O)c1ccccc1)/Nc1ccccc1[N+](=O)[O-]
1.4428,O=C(c1ccc(cc1)[N+](=O)[O-])N1[C@@H]2[C@H]1COCOC2
1.4839,[O-][N+](=O)c1ccc(cc1)n1nnc(c1)c1ccccc1
1.7223,CN(c1nc(N([N+](=O)[O-])C)c(nc1[N+](=O)[O-])[N+](=O)[O-])[N+](=O)[O-]
1.4478,O=C(Nc1ccc(cc1[N+](=O)[O-])C)CCC(=O)O
1.5418,[O-][N+](=O)c1ccc(cc1)C1=CO[C@@H]2O[C@H]1OC=C2c1ccc(cc1)[N+](=O)[O-]
1.868,Nn1nc(c(n1)[N+](=O)[O-])[N+](=O)[O-]
1.4015,CC(=O)Oc1cccc(c1C)C(=O)Nc1ccc(cc1)[N+](=O)[O-]
1.5447,CCOC(=O)[C@H]([C@@H](c1ccc(cc1)[N+](=O)[O-])O[N+](=O)[O-])[N+](=O)[O-]
1.3794,O=C1Cc2ccccc2[C@H](N1)c1cccc(c1)[N+](=O)[O-]
1.5965,COc1ccc(cc1[N+](=O)[O-])[N+](=O)[O-]
1.4216,Cc1cccc(n1)Cc1ccc(cc1[N+](=O)[O-])[N+](=O)[O-]
1.384,Cc1ccnc(c1)c1nccc(c1)Cc1ccc(cc1[N+](=O)[O-])[N+](=O)[O-]
1.3909,CCOc1cccc(c1O)/C=N/c1ccc(cc1)[N+](=O)[O-]
1.2809,OC[C@@]1(CN(C[C@@H]1c1ccc(cc1)OC)C)[N+](=O)[O-]
1.4473,COc1ccc(c(c1)O)/C=N/c1cccc(c1)[N+](=O)[O-]
1.4667,[O-][N+](=O)c1cccc2c1c1ccccc1nn2
1.5736,N#[N+][N-]c1ccc(cc1)[N+](=O)[O-]
1.2164,CN(/N=C(/c1ccc(cc1)[N+](=O)[O-])\C=N\N(C)C)C
1.4752,COc1ccccc1C(=O)N/N=C/c1cc(O)ccc1[N+](=O)[O-]
1.5415,[O-][N+](=O)c1c(ccc2c1non2)Nc1ccc(cc1)C(=O)C
1.4294,CN1CN/C(=N\[N+](=O)[O-])/N(C1)C
1.4612,O=C1CCCN1c1cccc(c1)[N+](=O)[O-]
1.4365,[O-][N+](=O)/N=C/1\NCCN1Cc1noc(c1)c1ccccc1
1.3608,CC1=NN([C@@H](C1)c1ccco1)c1ccc(cc1)[N+](=O)[O-]
1.646,[O-][N+](=O)C1([N+](=O)[O-])[C@@H]2C[C@@H]3C[C@H]1C([C@H](C2)C3)([N+](=O)[O-])[N+](=O)[O-]
1.4026,O[C@@H](Cn1ccnc1[N+](=O)[O-])CN1CC1
1.2848,C[C@@H](c1ccccc1)NC(=O)c1ccc(cc1)[N+](=O)[O-]
1.425,[O-][N+](=O)c1cccc2c1CN2
1.5224,[O-][N+](=O)c1ccc(c2c1non2)N1CCCC1
1.3505,O[C@H](C([N+](=O)[O-])(C)C)c1ccncc1
1.5032,O/N=C(/C(=N/Nc1ccc(cc1[N+](=O)[O-])[N+](=O)[O-])/C)\C
1.7174,[O-][N+](=O)C1([N+](=O)[O-])[C@@H]2[C@@H]3[C@@H]4[C@H]1[C@@H]1[C@H]2[C@H]3[C@H]4C1([N+](=O)[O-])[N+](=O)[O-]
1.382,[O-][N+](=O)/C=C/c1nc2c(n1C)cccc2
1.5178,COC(N([N+](=O)[O-])C)N([N+](=O)[O-])C
1.5186,OC(=O)[C@@H]1CCCN/C(=N/[N+](=O)[O-])/N1
1.552,Nc1ccc(c(c1)N)[N+](=O)[O-]
1.643,CNc1c(cc(cc1[N+](=O)[O-])[N+](=O)[O-])[N+](=O)[O-]
1.6009,OC(=O)/C=C/c1cc(cc(c1)[N+](=O)[O-])[N+](=O)[O-]
1.3652,O=C1CC(C)(C)CC(=O)C1=NNc1ccc(cc1)[N+](=O)[O-]
1.502,[O-][N+](=O)c1ccc(cc1)N=C=Nc1ccc(cc1)[N+](=O)[O-]
1.3827,Cc1ccc(cc1)Oc1ccc(cn1)[N+](=O)[O-]
1.4264,[O-][N+](=O)c1ccc(cc1)/C=C\c1ccc(cc1)[N+](=O)[O-]
1.7145,Oc1ccc(c2c1C(=O)c1c(C2=O)c(O)ccc1[N+](=O)[O-])[N+](=O)[O-]
1.8682,[O-][N+](=O)c1c(O)[nH]c(=O)[nH]c1=O
1.444,CC(=O)Nc1ccc(c(c1)[N+](=O)[O-])OC(=O)C
1.497,[O-][N+](=O)[C@]12C[C@H]3[C@H]4[C@@H](C2)[C@H]2[C@@H](C1)[C@@H]3C[C@@](C4)(C2)[N+](=O)[O-]
1.4506,COc1cc(/C=N/N=C/c2ccc(cc2)[N+](=O)[O-])ccc1O
1.5156,NNC(=O)c1cccc(c1)[N+](=O)[O-]
1.4485,COc1ccc(cc1)C(=O)Nc1ccc(cc1[N+](=O)[O-])OC
1.2227,C/C(=N\c1cc(C)cc(c1)C)/c1ccc(cc1)[N+](=O)[O-]
1.4842,Cn1cc2c(n1)c(ccc2)[N+](=O)[O-]
1.8396,[O-][N+](=O)C(c1nonc1Oc1nonc1C([N+](=O)[O-])[N+](=O)[O-])[N+](=O)[O-]
1.427,[O-][N+](=O)c1ccc(cc1)N1C[C@H]2[C@@]3(C1=CC(=O)c1c3cccc1)C2
1.4779,[O-][N+](=O)OCCNC(=O)c1cccnc1
1.6232,NC(=O)c1cc(cc(c1)[N+](=O)[O-])[N+](=O)[O-]
1.4955,O=Cc1c(ccc2c1cccc2)Oc1ccc(cc1[N+](=O)[O-])[N+](=O)[O-]
1.4106,[O-][N+](=O)C1=C/C(=C/NCC)/C(=O)C=C1
1.3843,[O-][N+](=O)c1ccc(cc1)n1nnc(c1)Cc1ccccc1
1.3616,[O-][N+](=O)c1ccc(cc1)n1nnc2c1CC(C)(C)CC2=O
1.6689,[O-][N+](=O)c1cnc2n1CCO2
1.4803,O=Cc1cccn1c1ccc(cc1)[N+](=O)[O-]
1.4159,O=c1c2cc(ccc2n2n1CCCCC2)[N+](=O)[O-]
1.592,[O-][N+](=O)C1=C(C)[C@](C)([N+](=O)[O-])C(=O)[C@@]([C@]1(C)[N+](=O)[O-])(C)[N+](=O)[O-]
1.7933,[O-][N+](=O)N1CCCNC1=C([N+](=O)[O-])[N+](=O)[O-]
1.5054,[O-][N+](=O)c1cc(ccc1N/N=C/1\CCCC(=C1[N+](=O)[O-])C)[N+](=O)[O-]
1.356,COc1ccc(cc1)/C=C(/[N+](=O)[O-])\C#N
1.4557,[O-][N+](=O)c1ccc(o1)/C=N/NC(=O)NCCOC
1.6618,[O-][N+](=O)[C@]12[C@H]3[C@H]4[C@@H]2[C@H]2[C@@H]1[C@@H]3[C@@]42[N+](=O)[O-]
1.4869,CCOC(=O)/C(=C(\O)/C)/c1c(cc(cc1[N+](=O)[O-])[N+](=O)[O-])[N+](=O)[O-]
1.5908,OC[C@H]1O[C@H](C[C@@H]1O)n1cc(c2c1ncnc2N)[N+](=O)[O-]
1.3935,O[C@H]1CCN(C1)/C(=N/C(=O)OCc1ccc(cc1)[N+](=O)[O-])/C
1.2882,CC(=O)N(c1c(C)ccc(c1[N+](=O)[O-])C)C(=O)C
1.46,C/C(=N\Nc1ccc(cc1)[N+](=O)[O-])/c1c(O)cc(oc1=O)C
1.3768,Oc1ccc(cc1/C=N/c1ccccc1Oc1ccccc1)[N+](=O)[O-]
1.7112,[O-][N+](=O)c1cc([N+](=O)[O-])c(c(c1)[N+](=O)[O-])n1c(C)nc2c1cc(cc2[N+](=O)[O-])[N+](=O)[O-]
1.5401,[O-][N+](=O)[C@]1(C)N=NC[C@H]1[C@H]1CN=N[C@]1(C)[N+](=O)[O-]
1.3724,O=C1C=CC(=C/C/1=C/NCCN1CCOCC1)[N+](=O)[O-]
1.5452,Cc1nn2c(c1)[nH]nc2c1cccc(c1)[N+](=O)[O-]
1.613,[O-][N+](=O)Nc1ccc[n+](c1)[O-]
1.5238,O=C1OC(C)(C)OC(=O)C1=NNc1ccc(cc1[N+](=O)[O-])[N+](=O)[O-]
1.351,O=C(c1ccccc1C)N/N=C/c1ccc(cc1)[N+](=O)[O-]
1.2713,[O-][N+](=O)C1=C(C)NC(=C2[C@H]1CC(C)(C)CC2=O)C
1.3733,[O-][N+](=O)c1ccc(c(c1)N)C
1.4637,O=C(c1ccc(cc1)[N+](=O)[O-])Cn1ccccc1=O
1.356,CN1C=C(c2ccccc2)[C@H](NC1=O)c1ccc(cc1)[N+](=O)[O-]
1.6096,[O-][N+](=O)O[C@@H]1[C@H]2C[C@H]3[C@@H]1[C@H]3[C@H]2O[N+](=O)[O-]
1.575,COC(=O)CCn1cc([N+](=O)[O-])c(=O)[nH]c1=O
1.6489,CC(=O)O[C@@H]1N(CCN([C@H]1O)[N+](=O)[O-])[N+](=O)[O-]
1.2946,CC1=CC(C)(C)Nc2c1cc(cc2)[N+](=O)[O-]
1.5195,O=C(c1ccc(cc1)[N+](=O)[O-])C[N-][N+]#N
1.7081,O=c1oc(=O)c2c([nH]1)c(ccc2)[N+](=O)[O-]
1.4613,O[C@H]1CCCC[C@@H]1OC(=O)c1ccc(cc1[N+](=O)[O-])[N+](=O)[O-]
1.4022,[O-][N+](=O)c1ccc(c2c1non2)NCCCC
1.4978,[O-][N+](=O)c1ncn(c1)c1ncn(c1)c1ccccc1
1.4321,[O-][N+](=O)OCCNC(=O)c1ccccc1NC(=O)c1ccccc1
1.453,[O-][N+](=O)O[C@@H]1[C@H](Cc2c1cccc2)ON1C(=O)c2c(C1=O)cccc2
1.3835,CCC(=O)Nc1ccc(cc1)[N+](=O)[O-]
1.4023,[O-][N+](=O)c1cc([N+](=O)[O-])c(cc1Nc1ccccc1)Nc1ccccc1
1.8762,[O-][N+](=O)C1=C(N)[N+](=O)C(=C(C1=[NH2+])[N+](=O)[O-])N
1.2991,C/C=C/C=N/Nc1ccccc1[N+](=O)[O-]
1.3766,COc1cc(/C=N/Nc2ccc(cc2)[N+](=O)[O-])ccc1OC(=O)C
1.861,[O-][N+](=O)N1CC(C1)([N+](=O)[O-])[N+](=O)[O-]
1.3239,Nc1ccc(cc1)c1ccccc1[N+](=O)[O-]
1.4309,O=C(c1ccc(c(c1)[N+](=O)[O-])Nc1ccccc1)Nc1ccccc1
1.4244,C/C(=C\c1cccc(c1)[N+](=O)[O-])/[N+](=O)[O-]
1.4225,Oc1ccccc1/C=N/Nc1ccc(cc1)[N+](=O)[O-]
1.3697,COc1ccc(cc1OC)/N=C/c1ccc(cc1)[N+](=O)[O-]
1.4875,O=C1Nc2c([C@@]1(O)Cc1onc(c1[N+](=O)[O-])C)cccc2
1.3937,[O-][N+](=O)c1cnc(nc1)NCc1ccccc1
1.2993,CN(c1ccc(cc1)/C=C/C=N/c1cccc(c1)[N+](=O)[O-])C
1.3261,CCN(c1ccc(cc1)/N=N/c1ccccc1[N+](=O)[O-])CC
1.5317,[O-][N+](=O)c1cccnc1NCNc1ncccc1[N+](=O)[O-]
1.4822,NNc1n(C)nc(c1[N+](=O)[O-])C
1.211,CCCN(c1ccc(cc1)[N+](=O)[O-])CCC
1.4069,NC(=O)[C@@H]1CCCN1c1ccc(cc1)[N+](=O)[O-]
1.3237,O[C@@H](c1ccccc1)CNc1ccc(cc1)[N+](=O)[O-]
1.4473,[O-][N+](=O)c1cccc(c1)/C=N/N=C/c1cccc(c1)[N+](=O)[O-]
1.3302,CCC(=O)N1C[C@@H]2[C@@]3([C@H]1CC(=O)C=C3CCC2)[N+](=O)[O-]
1.4026,OCc1cccc(c1)N(Cc1cccc(c1)[N+](=O)[O-])O
1.3875,CC(=O)c1ccc(cc1)N/N=N/c1ccc(cc1)[N+](=O)[O-]
1.4731,Cc1ccc(cc1)OC(=O)c1cc(cc(c1)[N+](=O)[O-])[N+](=O)[O-]
1.3768,Cc1ccc(c(c1)[N+](=O)[O-])NN=C1C(=O)CC(CC1=O)(C)C
1.7091,[O-][N+](=O)NCCN[N+](=O)[O-]
1.4751,[O-][N+](=O)c1ccc(c2c1non2)N1CCCCC1
1.394,[O-][N+](=O)c1cccnc1OCc1ccccc1
1.637,OC(=O)/C=C/c1ccc(cc1[N+](=O)[O-])[N+](=O)[O-]
1.2137,[O-][N+](=O)c1c([nH]nc1C(C)(C)C)C(C)(C)C
1.335,[O-]/[N+](=C\c1ccc(cc1)[N+](=O)[O-])/CCOCc1ccccc1
1.4204,O=C(N1CCc2c1ccc(c2)[N+](=O)[O-])c1ccccc1
1.2282,OC[C@]1(CN(C[C@H]1c1ccc(cc1)C)C)[N+](=O)[O-]
1.4951,COc1c(cc(cc1[N+](=O)[O-])Cn1ccnn1)[N+](=O)[O-]
1.374,CC(=O)N1N=C(C[C@@H]1c1ccccc1)c1ccccc1[N+](=O)[O-]
1.3882,N#CC1=C(N)C(=C(C[C@@H]1c1ccccc1[N+](=O)[O-])C1CC1)C#N
1.288,Cc1ccc(cc1)CNc1cccc(c1)[N+](=O)[O-]
1.3514,CC1=C[C@@](C)([N+](=O)[O-])[C@@H](C(C1=O)(C)C)[N+](=O)[O-]
1.4443,CN([N+](=O)[O-])CC1(COC1)CN([N+](=O)[O-])C
1.6341,N#CC(=C1c2cc(cc(c2c2c1cc(cc2[N+](=O)[O-])[N+](=O)[O-])[N+](=O)[O-])[N+](=O)[O-])C#N
1.3637,CNC1=C([N+](=O)[O-])[C@@H](c2c(O1)[nH]nc2C)c1ccc(cc1)C
1.3057,COc1ccc(c(c1)[C@@H](c1cccc(c1)[N+](=O)[O-])NC(=O)C)O
1.4062,O=C(c1cc(cn1C)[N+](=O)[O-])N/N=C/c1ccccc1
1.463,O=C(c1cc(cc(c1)[N+](=O)[O-])[N+](=O)[O-])O[C@H]1[C@H]2C=C[C@H]3[C@@H]1[C@H]3C2
1.4051,CCOC(=O)Cn1cc2c(n1)cc(cc2)[N+](=O)[O-]
1.5375,O=C1Nc2c(C1)cc(cc2)[N+](=O)[O-]
1.4006,[O-][N+](=O)c1ccc(cc1)NCc1ccncc1
1.5599,OC[C@H]1O[C@H]([C@@H]([C@@H]1O)O)n1nc2c(c1)c(ccc2)[N+](=O)[O-]
1.4988,Oc1ccc(cc1)Nc1ncccc1[N+](=O)[O-]
1.3795,[O-][N+](=O)c1cccc(c1N)C
1.395,N#C[C@]1([N+](=O)[O-])[C@H]2[C@@H]1[C@@H]1C[C@H]2C=C1
1.3516,COc1ccc(cc1)/C=C(\C(=O)NCc1ccccc1)/[N+](=O)[O-]
1.6889,[O-][N+](=O)c1c[nH]nn1
1.3806,N#Cc1ccc(c(c1)[N+](=O)[O-])Nc1ccccc1
1.8795,O=[N+](c1nonc1N[N+](=O)[O-])[N-]c1nonc1/N=N/c1nonc1[N-][N+](=O)c1nonc1N[N+](=O)[O-]
1.6279,[O-][N+](=O)C([C@]12[C@H]3[C@H]4[C@@H]2[C@H]2[C@@H]1[C@@H]3[C@@]42C([N+](=O)[O-])[N+](=O)[O-])[N+](=O)[O-]
1.4513,Oc1ccc(cc1)C(=O)N/N=C/c1ccc(cc1)[N+](=O)[O-]
1.5396,[O-][N+](=O)N1CCCCN(C1)[N+](=O)[O-]
1.6449,[O-][N+](=O)c1cc2nn[nH]c2c(c1)[N+](=O)[O-]
1.4407,O=C(c1ccc(cc1)[N+](=O)[O-])CCn1ncnc1
1.4152,[O-][N+](=O)c1cc(/C=N/CCO)c(cc1)O
1.5343,O=Cc1cn(nc1c1ccccc1O)c1ccc(cc1[N+](=O)[O-])[N+](=O)[O-]
1.419,O=C(c1cc(cc(c1)[N+](=O)[O-])[N+](=O)[O-])O[C@@H](c1ccccc1)C
1.6642,[O-][N+](=O)c1c(n2cncn2)c(n2cncn2)c(c(c1N)[N+](=O)[O-])N
1.7477,[O-][N+](=O)c1nc(cn1c1c(cc(cc1[N+](=O)[O-])[N+](=O)[O-])[N+](=O)[O-])[N+](=O)[O-]
1.4688,O=C1OC2(CCCC2)OC(=O)C1=CNc1cccc(c1)[N+](=O)[O-]
1.3831,[O-][N+](=O)c1ccccc1n1nnc(c1)c1ccccc1
1.5425,O=C1C=CC(=O)N1c1ccc(cc1)[N+](=O)[O-]
1.3993,Oc1ccc2c(c1/C=N/N=C/c1ccc(cc1)[N+](=O)[O-])cccc2
1.5754,[O-][N+](=O)c1cccc(c1)[N+](=O)[O-]
1.4486,O=C1OC(C)(C)OC(=O)C1=CNc1ccc(cc1)[N+](=O)[O-]
1.3087,CN(CCCNc1c(cnc2c1cccc2)[N+](=O)[O-])C
1.3552,COc1ccc(cc1)C(=O)[C@@H](Oc1ccc(nc1[N+](=O)[O-])C)C
1.3834,O=C(c1ccccc1)N/N=C/c1ccc(cc1)[N+](=O)[O-]
1.4328,[O-][N+](=O)c1cc(ccc1NN=C1CCCCC1)[N+](=O)[O-]
1.4663,COc1cc([N+](=O)[O-])c2c(c1OC(=O)C)cccn2
1.4585,[O-][N+](=O)c1cccc(c1)c1cnc(nc1)N1CCOCC1
1.5947,[O-][N+](=O)c1cc(cc(c1OCC1CC1)[N+](=O)[O-])[N+](=O)[O-]
1.284,CCCc1ccc(cc1)/N=C/c1cc(ccc1O)[N+](=O)[O-]
1.4693,COC(=O)c1cnc2c(c1)c(ccc2)[N+](=O)[O-]
1.5787,O=C(C(=O)Nc1ccc(cc1)[N+](=O)[O-])Nc1ccc(cc1)[N+](=O)[O-]
1.3608,Cc1oc(C)cc(=Nc2ccc(cc2)[N+](=O)[O-])c1
1.7751,NNc1c(cc(cc1[N+](=O)[O-])[N+](=O)[O-])[N+](=O)[O-]
1.9454,[O-][N+](=O)N1[C@@H]2NC(=O)N([C@@H]2N([C@H]2[C@@H]1NC(=O)N2[N+](=O)[O-])[N+](=O)[O-])[N+](=O)[O-]
1.2941,[O-][N+](=O)/C=C(/C(=O)c1ccc(cc1)C)\Nc1ccccc1
1.5648,O/N=C/1\N[C@H]([N+](=O)C1=[NH2+])c1ccccc1[N+](=O)[O-]
1.475,COC(=O)[C@H]1C[C@H](N([C@H]1c1ccc(cc1)[N+](=O)[O-])O)C(=O)OC
1.5235,Nc1cc(ccc1C)Nc1cc(O)c(cc1[N+](=O)[O-])[N+](=O)[O-]
1.5762,[O-][N+](=O)c1cc(cc(c1[C@@H]1O[C@H]1c1cccc(c1)[N+](=O)[O-])[N+](=O)[O-])[N+](=O)[O-]
1.8275,[O-][N+](=O)c1c(N)c([N+](=O)[O-])c(c(c1N)[N+](=O)[O-])n1cnc(c1[N+](=O)[O-])[N+](=O)[O-]
1.5468,[O-][N+](=O)[C@@H]1[C@@H]2[C@@H]3[C@@H]4[C@H]1[C@@H]1[C@H]2[C@@H]2[C@H]3[C@H]4[C@H]1[C@H]2[N+](=O)[O-]
1.7127,[O-][N+](=O)c1cc(cc(c1Nn1nn[nH]c1=O)[N+](=O)[O-])[N+](=O)[O-]
1.438,Oc1ccc(cc1/C=N/N1CCOCC1)[N+](=O)[O-]
1.4201,[O-][N+](=O)c1cnc(n1C)C
1.4141,COc1ccc(cc1)C(=O)N/N=C/c1cccc(c1)[N+](=O)[O-]
1.554,O=C(c1ccncc1)N/N=C/c1ccc(o1)[N+](=O)[O-]
1.3662,CN1CCN(CC1)c1ccc(c(c1)N)[N+](=O)[O-]
1.7244,COc1c(cc(c2c1nn(n2)c1cc(cc(c1N)[N+](=O)[O-])[N+](=O)[O-])[N+](=O)[O-])[N+](=O)[O-]
1.5248,[O-][N+](=O)c1c(NC(C)(C)C)c([N+](=O)[O-])c(c(c1N)[N+](=O)[O-])N
1.2539,CC1(C)NC(NC1(C)C)c1ccc(cc1)[N+](=O)[O-]
1.4281,O=C(c1ccc(cc1)[N+](=O)[O-])N1CCCCO1
1.3119,CN(c1ccc(cc1)/C=C/[N+](=O)[O-])C
1.4286,CN(c1ccc(cc1)/C=N/Nc1ccc(cc1[N+](=O)[O-])[N+](=O)[O-])C
1.5578,OC(=O)c1cc(cc(c1c1c(cc(cc1C(=O)O)[N+](=O)[O-])C(=O)O)C(=O)O)[N+](=O)[O-]
1.4257,[O-][N+](=O)c1ccc(cc1)/C=C\c1cccc(c1)[N+](=O)[O-]
1.3585,CCOC(=O)c1ccc(c(c1)[N+](=O)[O-])Nc1ccccc1
1.3687,CNc1ccc(cc1)[N+](=O)[O-]
1.628,OC(=O)CCC1(CN(CN(C1)[N+](=O)[O-])[N+](=O)[O-])[N+](=O)[O-]
1.7284,[O-][N+](=O)n1ncc(c1)n1cnnn1
1.3282,[O-][N+](=O)c1cc2O[C@@H](CNc2cc1)OCCCC
1.3245,[O-][N+](=O)C(c1ccnc(n1)c1ccccc1)(C)C
1.5364,OCc1ccc(c(c1)N)[N+](=O)[O-]
1.7217,[O-][N+](=O)c1c([O-])[nH]c2[n+](c1=O)cccc2
1.3373,O/N=C(/C(=N/N=C/c1ccc(cc1)[N+](=O)[O-])/C)\C
1.3494,CCCC(=O)Nc1cc([N+](=O)[O-])c(cc1C)C(=O)OC
1.543,[O-][N+](=O)C1=C([N-]O[N+]1=O)c1ccccc1
1.5088,O=c1n2CCCCCc2nc2c1cc(cc2[N+](=O)[O-])[N+](=O)[O-]
1.4982,[O-][N+](=O)c1ncn(c1)c1ccccc1
1.6418,[O-][N+](=O)c1ccc(c(c1C(=O)C)[N+](=O)[O-])O
1.5382,O=C(c1cccc(c1)[N+](=O)[O-])OC(=O)c1cccc(c1)[N+](=O)[O-]
1.6996,N#Cc1cc(cc2c1c1c(cc(cc1C2=O)[N+](=O)[O-])[N+](=O)[O-])[N+](=O)[O-]
1.4544,COc1cc(ccc1N)[N+](=O)[O-]
1.4112,[O-][N+](=O)c1cc(ccc1N1CCCCC1)[N+](=O)[O-]
1.2476,CCc1ccc(nc1)CCOc1ccc(cc1)[N+](=O)[O-]
1.3895,CCc1nccn1c1ccc(cc1)[N+](=O)[O-]
1.3835,[O-][N+](=O)c1ccc2c(c1)nc(n2C(=O)c1ccccc1)c1ccccc1
1.5003,COc1ccc(c(c1)O)/C=N/c1cc(cc(c1)[N+](=O)[O-])[N+](=O)[O-]
1.3828,[O-][N+](=O)/N=C/1\NCCN1CCC(=O)c1ccccc1
1.364,CC(/N=C/c1cc(ccc1O)[N+](=O)[O-])C
1.295,Cc1ccc2c(c1)n(c1ccc(cc1)[N+](=O)[O-])c(n2)c1ccccc1
1.4895,[O-][N+](=O)c1ccccc1[N-][N+](=O)C([N+](=O)[O-])(C)C
1.2959,C/C(=N\Nc1ccccc1C)/c1cccc(c1)[N+](=O)[O-]
1.404,COC(=O)/C(=C/[N+](=O)[O-])/NC(=O)c1ccccc1
1.3313,CC[C@@H]([C@H](N1C(=O)c2c(C1=O)cccc2)C[N+](=O)[O-])C=O
1.669,[O-][N+](=O)c1c(N)c(n2cncn2)c(c(c1N)[N+](=O)[O-])N
1.6603,COC(=O)C(=O)Nc1ccc(cc1[N+](=O)[O-])[N+](=O)[O-]
1.4101,CN(/C=C/1\N=C(OC1=O)c1ccccc1[N+](=O)[O-])C
1.6719,[O-][N+](=O)c1ccc(c(c1)[N+](=O)[O-])O
1.4954,[O-][N+](=O)c1ccccc1[C@@H]1O[C@H]1c1ccccc1[N+](=O)[O-]
1.3627,Nc1ccccc1c1ccc(cc1)[N+](=O)[O-]
1.6638,[O-][N+](=O)c1cc(cc(c1N1CC1)[N+](=O)[O-])[N+](=O)[O-]
1.4472,CN(c1ccc(c2c1c(ccc2[N+](=O)[O-])N(C)C)[N+](=O)[O-])C
1.38,[O-][N+](=O)c1ccc(cc1)Cc1nccnc1
1.5946,COc1cc([N+](=O)[O-])c2c(c1=O)ccc[nH]2
1.3367,[O-][N+](=O)c1c(C)cccc1c1nc2c([nH]1)cccc2
1.5315,[O-][N+](=O)N(CO)C
1.5617,[O-][N+](=O)c1ccc(cc1)n1cnnn1
1.2939,[O-][N+](=O)C1(C(=O)N)C(C1(C)C)(C)C
1.7926,[O-][N+](=O)c1cc(cc(c1c1c(cc(cc1[N+](=O)[O-])[N+](=O)[O-])[N+](=O)[O-])[N+](=O)[O-])[N+](=O)[O-]
1.6881,CC(=O)Oc1cc(cc2c1c1cc(cc(c1[nH]c2=O)[N+](=O)[O-])[N+](=O)[O-])[N+](=O)[O-]
1.4908,[O-][N+](=O)c1cc2ccccc2cc1[N+](=O)[O-]
1.4534,O=C1ON=C(/C/1=N/Nc1ccc(cc1)[N+](=O)[O-])C
1.3591,[O-][N+](=O)/C(=C\c1nc2c(n1C)cccc2)/c1ccccc1
1.3793,COc1ccccc1/C=N/NC(=O)c1ccc(cc1)[N+](=O)[O-]
1.4484,O=C(c1noc(c1)[N+](=O)[O-])OCc1ccccc1
1.5022,CC[C@@]1(CCC(=O)NC1=O)c1ccc(cc1[N+](=O)[O-])[N+](=O)[O-]
1.4043,OCCCn1c(C)ncc1[N+](=O)[O-]
1.6324,[O-][N+](=O)c1cc(cc(c1C)[N+](=O)[O-])n1cnnn1
1.3448,COC1=C(C)C(=O)N([C@H]([C@@]1(C)O)c1ccc(cc1)[N+](=O)[O-])C
1.4204,CCOc1cccc(c1O)/C=N/NC(=O)c1ccc(cc1)[N+](=O)[O-]
1.6204,[O-][N+](=O)CC[N+](=O)[O-]
1.4985,CN1C(=O)/C(=N\Nc2ccc(cc2)[N+](=O)[O-])/C(=O)c2c1cccc2
1.3974,COC(=O)C1=C(C)NC(=O)C[C@H]1c1ccccc1[N+](=O)[O-]
1.5269,N#CN([N+](=O)[O-])CCCCN([N+](=O)[O-])C#N
1.5524,[O-][N+](=O)[C@]1(C)c2ccccc2[C@H](c2c1cccc2)C([N+](=O)[O-])([N+](=O)[O-])[N+](=O)[O-]
1.2654,CCOC(=O)[C@H]([C@@H]([C@@H]([N+](=O)[O-])C)c1ccccc1)C#N
1.3111,[O-][N+](=O)c1ccc2c(c1)C[C@H]1N2CCCC1
1.3576,CN(c1ccc(cc1)C(=O)c1ccc(cc1)[N+](=O)[O-])C
1.431,CC(COC(=O)c1cc(cc(c1)[N+](=O)[O-])[N+](=O)[O-])C
1.5099,CCOC(=O)[C@@]1(C[C@H]1c1cccc(c1)[N+](=O)[O-])[N+](=O)[O-]
1.3353,O=C1CO[C@@]2([C@@]1(C)CCC2)Nc1ccc(cc1)[N+](=O)[O-]
1.7742,N#[N+][N-]c1c(cc(cc1[N+](=O)[O-])[N+](=O)[O-])[N+](=O)[O-]
1.6336,[O-][N+](=O)c1cc(/N=N/c2cc(cc(c2C)[N+](=O)[O-])[N+](=O)[O-])c(c(c1)[N+](=O)[O-])C
1.863,[O-][N+](=O)c1c(C(=O)O)c([N+](=O)[O-])c(c(c1N)[N+](=O)[O-])N
1.4105,COc1cc(ccc1O)[C@@H]1NN=C(C1)c1cccc(c1)[N+](=O)[O-]
1.3447,NC(=O)[C@H](c1ccccc1)/N=C/c1cccc(c1)[N+](=O)[O-]
1.4161,CN1C[C@]2(CC=C[C@@](C1)(C2)[N+](=O)[O-])[N+](=O)[O-]
1.5623,[O-][N+](=O)NCN([N+](=O)[O-])C
1.4841,O=C(c1ccc(cc1)[N+](=O)[O-])OCN1C(=O)c2c(C1=O)cccc2
1.4413,N#Cc1c(C)cccc1[N+](=O)[O-]
1.339,COc1ccc(c(c1)[N+](=O)[O-])NCc1ccccc1
1.4615,[O-][N+](=O)c1c(C)nn2c1ccc1c2cccc1
1.455,O=C1C=CC(=C/C/1=C/Nc1ccccc1O)[N+](=O)[O-]
1.8335,[O-][N+](=O)C([N+](=O)[O-])([N+](=O)[O-])CNc1nonc1NCC([N+](=O)[O-])([N+](=O)[O-])[N+](=O)[O-]
1.4012,Oc1ccc(cc1/C=N/Nc1ccccc1)[N+](=O)[O-]
1.5316,N#CC(=Cc1cc2OCOc2cc1[N+](=O)[O-])C#N
1.3617,COc1cc(ccc1[N+](=O)[O-])N(C)C
1.324,COc1cc(C(=O)NCc2ccccc2)c(cc1OC)[N+](=O)[O-]
1.3634,N/C(=N\c1ccc(cc1)[N+](=O)[O-])/c1ccccc1
1.7944,[O-][N+](=O)c1nonc1Nc1nnc2n(n1)cnn2
1.2437,Cc1ccc(cc1)/N=C(\c1ccc(cc1)[N+](=O)[O-])/c1ccccc1
1.3576,Cc1nc(c(n1C)[N+](=O)[O-])/C=C/c1ccccc1
1.7888,O=C1N(CCN1[N+](=O)[O-])[N+](=O)[O-]
1.4698,Oc1ccc(cc1/C=N/c1cccc(c1C)[N+](=O)[O-])[N+](=O)[O-]
1.5764,CC(=O)Nc1[nH]nc(n1)[N+](=O)[O-]
1.8187,[O-][N+](=O)/N=[N+]/1\C=[NH+]N=C1
1.484,O=C(c1ccccn1)Nc1ccc(cc1)[N+](=O)[O-]
1.9704,O=C1N[C@H]2[C@@H](N1[N+](=O)[O-])N([N+](=O)[O-])[C@@H]1[C@H](N2[N+](=O)[O-])N(C(=O)N1)[N+](=O)[O-]
1.3049,COc1c([N+](=O)[O-])c(C)c(cc1C(C)(C)C)[N+](=O)[O-]
1.4825,O=[N+]1C(=[N+]=c2c(=C1C)cccc2)c1ccc(cc1)[N+](=O)[O-]
1.6075,[O-][N+](=O)[C@@H]1C=C[C@@H](c2c1cccc2)C([N+](=O)[O-])([N+](=O)[O-])[N+](=O)[O-]
1.3441,O=CNCCc1ccc(cc1)[N+](=O)[O-]
1.4823,[O-][N+](=O)[C@@H]1c2ccccc2[C@H](c2c1cccc2)[N+](=O)[O-]
1.4047,[O-][N+](=O)c1cnc(n1C)c1ccccc1
1.525,O=C(c1cc(cc(c1)[N+](=O)[O-])[N+](=O)[O-])O[C@@]1(C)C=C[C@@H]2O[C@H]1OC2
1.4241,N[C@@H]([C@@H](c1cccc(c1)[N+](=O)[O-])N)c1cccc(c1)[N+](=O)[O-]
1.4294,[O-][N+](=O)c1ccc(cc1)Cn1nnc2c1cccc2
1.4535,O=C(c1cccc(c1O)[N+](=O)[O-])Nc1ccccc1
1.4186,COc1ccccc1C(=C([N+](=O)[O-])[N+](=O)[O-])c1ccccc1OC
1.777,[O-][N+](=O)C1([N+](=O)[O-])[C@H]2C[C@H]3C([C@@H]1C[C@@H](C2([N+](=O)[O-])[N+](=O)[O-])C3)([N+](=O)[O-])[N+](=O)[O-]
1.3597,COC(=O)/C(=N\c1ccc(cc1)[N+](=O)[O-])/c1ccccc1
1.329,COc1ccc(cc1)/N=C/C=C/c1ccccc1[N+](=O)[O-]
1.5067,O=C/C=C/O/C=C/c1noc(c1)[N+](=O)[O-]
1.3114,C[C@H](Cn1c(C)ncc1[N+](=O)[O-])OC(=O)c1ccc(cc1)C
1.5594,[O-][N+](=O)OCC1(CO[N+](=O)[O-])COC1
1.7372,O=C1c2c(ccc(c2C(=O)c2c1c(ccc2O)[N+](=O)[O-])O)[N+](=O)[O-]
1.4484,COC(=O)C1=C(C)N(C(=O)N[C@@H]1c1cccc(c1)[N+](=O)[O-])C
1.3275,CN(c1ccc(cc1)/C=N/c1ccc(cc1)[N+](=O)[O-])C
1.3026,COc1ccc(cc1)N(CCOc1ccc(cc1)[N+](=O)[O-])C
1.5398,[O-][N+](=O)c1ccc(cc1)/N=N/c1ccc(c(c1)C(=O)O)O
1.6954,[O-][N+](=O)c1cc(cc2c1c1c(C2)cc(cc1[N+](=O)[O-])[N+](=O)[O-])[N+](=O)[O-]
1.6083,OCCNc1cc(NCCO)c(cc1[N+](=O)[O-])[N+](=O)[O-]
1.443,O=c1cc(C)c(c([nH]1)C)[N+](=O)[O-]
1.4448,O=C(OC(C)(C)C)Nc1ccc(cc1[N+](=O)[O-])[N+](=O)[O-]
2.063,[O-][N+](=O)N1[C@@H]2N([C@@H]3[C@H]1N([N+](=O)[O-])[C@@H]1N([C@H]2N([N+](=O)[O-])[C@@H]1N3[N+](=O)[O-])[N+](=O)[O-])[N+](=O)[O-]
1.5093,Cc1ccnc(c1[N+](=O)[O-])/N=N/c1nccc(c1[N+](=O)[O-])C
1.476,N#CCN1[C@@H](c2ccccc2)C(=C(C1=O)O)C(=O)c1cccc(c1)[N+](=O)[O-]
1.2913,COC(=O)c1cc(OCC(C)C)c2c(n1)c(ccc2)[N+](=O)[O-]
1.435,[O-][N+](=O)c1ccc(cc1)n1nnc(c1C)C(=O)C
1.3196,CCCCn1cnnc1Nc1cccc(c1)[N+](=O)[O-]
1.4654,O=C(c1n[nH]cn1)N/N=C/c1cccc(c1)[N+](=O)[O-]
1.7462,Nn1nc(c(n1)[N+](=O)[O-])N
1.6316,N#Cc1cc(cc2c1c1c(C#N)cc(cc1C2=O)[N+](=O)[O-])[N+](=O)[O-]
1.3329,CNC(=C([N+](=O)[O-])C=C1C(=O)CC(CC1=O)(C)C)NC
1.4925,COc1ccc(cc1)/C=N/Nc1ccc(cc1[N+](=O)[O-])[N+](=O)[O-]
1.307,CN(c1ccc(cc1)/N=N/c1ccccc1[N+](=O)[O-])C
1.2345,CN(C(=Nc1ccc(cc1)[N+](=O)[O-])N(C)C)C
1.3773,CCCCNc1ccc(cc1[N+](=O)[O-])[N+](=O)[O-]
1.2701,CCOC(=O)[C@H]([C@@H]([C@H]([N+](=O)[O-])C)c1ccccc1)C#N
1.4598,CC1=CC=C[N+](=O)/C/1=[NH+]/[N+](=O)[O-]
1.4416,COC(=O)Nc1ccc(cc1/C(=C(/C(=O)OC)\C#N)/C(=O)OC)[N+](=O)[O-]
1.3824,[O-][N+](=O)c1cccc2c1c1ccccc1NC2
1.2904,[O-][N+](=O)c1ccccc1NN=C(c1ccccc1)c1ccccc1
1.4544,[O-][N+](=O)c1cccc2c1nccc2
1.9194,[O-][N+](=O)N1CN(CN(CN(C1)[N+](=O)[O-])[N+](=O)[O-])[N+](=O)[O-]
1.5793,[O-][N+](=O)c1cc(cc(c1N1CCCC1)[N+](=O)[O-])[N+](=O)[O-]
1.3091,CN1CC(=C2C(=C(c3ccccc3)c3c2cccc3)C1)[N+](=O)[O-]
1.5488,OC(=O)[C@@H]1CC[C@@H]1NC(=O)c1cc(cc(c1)[N+](=O)[O-])[N+](=O)[O-]
1.547,[O-][N+](=O)c1c(cc2c3c1c1ccccc1c3ccc2)[N+](=O)[O-]
1.4921,[O-][N+](=O)c1cc(N/C=C\2/C=CC=C(C2=O)OC)c(cc1)O
1.5499,O=Cc1ccccc1[N+]1=Nc2c([N+]1=O)cc(cc2)[N+](=O)[O-]
1.4021,[O-][N+](=O)c1ccc(nc1)Nc1ccccc1
1.428,CCOC(=O)Cn1cccc(c1=O)[N+](=O)[O-]
1.2875,CN(c1ccc(cc1)/C=N/Nc1ccc(cc1)[N+](=O)[O-])C
1.4015,[O-][N+](=O)/N=C/1\NCN(CN1C)Cc1ccccc1
1.3828,COc1cc(/C=N/c2ccc(cc2)[N+](=O)[O-])cc(c1OC)OC
1.6773,O=[N+]1COCC(/C/1=[O+]\C(=O)C)([N+](=O)[O-])[N+](=O)[O-]
1.4728,[O-][N+](=O)c1ccc2c(c1)n(nc2)CCn1ncc2c1cc(cc2)[N+](=O)[O-]
1.4309,O=[N+](c1ccccc1)/N=[NH+]/c1ccc(cc1)[N+](=O)[O-]
1.8529,[O-][N+](=O)c1cc([N+](=O)[O-])c(c(c1N)[N+](=O)[O-])N
1.5829,COc1cc(n2nncc2)c(cc1[N+](=O)[O-])[N+](=O)[O-]
1.3458,Cc1cnc(nc1c1cccc(c1)[N+](=O)[O-])c1ccccc1
1.4441,O=C(Oc1ccccc1)Nc1ccc(cc1)[N+](=O)[O-]
1.3404,C[C@@]1(CN=NN1c1ccc(cc1)[N+](=O)[O-])c1ccccc1
1.429,CCOC(=O)[C@@](c1ccc(cc1[N+](=O)[O-])[N+](=O)[O-])(c1ccccc1)C#N
1.789,[O-][N+](=O)c1cc([N+](=O)[O-])c(c(c1)[N+](=O)[O-])O
1.3427,COc1ccc(cc1)NCc1ccc(cc1)[N+](=O)[O-]
1.3902,CC(=O)C(=NNc1c(C)cccc1[N+](=O)[O-])C(=O)C
1.6143,[O-][N+](=O)c1ccc(o1)/C=N/O
1.3111,O=C(c1ccc(cc1)[N+](=O)[O-])Nc1c(C)cccc1C
1.4222,COC(=O)c1cc(ncc1C(=O)OC)c1ccccc1[N+](=O)[O-]
1.4219,O=C(C(C)C)NC1=C([N+](=O)[O-])C(=O)c2c(C1=O)cccc2
1.6785,[O-][N+](=O)c1c[nH]c(=O)n(c1=O)C
1.5486,OC(=O)CNc1ccc(cc1)[N+](=O)[O-]
1.3896,Cc1onc(c1/N=N/c1ccccc1[N+](=O)[O-])C
1.6299,NC(=O)C[C@H](C(=O)O)Nc1ccc(cc1[N+](=O)[O-])[N+](=O)[O-]
1.2686,CCN(C(=C([N+](=O)[O-])[N+](=O)[O-])N(CC)CC)CC
1.3647,N#Cc1ccc(cc1)[C@@]1(CO[C@H](OC1)c1ccccc1)[N+](=O)[O-]
1.3841,N#Cc1cc(ccc1C)[N+](=O)[O-]
1.3922,[O-][N+](=O)c1ccc(cc1)n1c2ccccc2c2c1cccc2
1.3849,[O-][N+](=O)c1cc(ccc1[C@@H](c1ccccn1)C)[N+](=O)[O-]
1.7045,[O-][N+](=O)c1n[nH]c2c1cccc2[N+](=O)[O-]
1.3141,CN(c1ccccc1)/N=C/c1ccccc1[N+](=O)[O-]
1.5107,[O-][N+](=O)c1ccc(c(c1)[N+](=O)[O-])C
1.5144,[O-][N+](=O)c1nccn1CC(=O)NCCO
1.5392,O=C(Nc1ccccc1[N+](=O)[O-])ON1C(=O)CCC1=O
1.3527,CNC1=NC(=C(/C/1=N\c1ccccc1)[N+](=O)[O-])NC
1.5674,O=C(Nc1cccc(c1)[N+](=O)[O-])Nc1cccc(c1)[N+](=O)[O-]
1.3651,OCC#CC#CCNc1ccc(cc1C)[N+](=O)[O-]
1.767,COc1c2nonc2c2c(c1[N+](=O)[O-])non2
1.4517,Nc1ccc2c(c1)Cc1c2ccc(c1)[N+](=O)[O-]
1.6372,[O-][N+](=O)C1(C[C@@H]2[C@H](C1)CC(C2)([N+](=O)[O-])[N+](=O)[O-])[N+](=O)[O-]
1.5174,O=C1NC(=O)[C@H](C1)c1cccc(c1)[N+](=O)[O-]
1.4367,C=CCOC(=O)/C=C/c1cc(cc(c1)[N+](=O)[O-])[N+](=O)[O-]
1.4596,Nc1ccc(cc1)C(=O)N/N=C/c1cccc(c1)[N+](=O)[O-]
1.6897,[O-][N+](=O)N1CCn2c1nnn2
1.4714,[O-][N+](=O)c1ccc(cc1)n1cnc2c1cccc2
1.4164,N/C(=N/[N+](=O)[O-])/Nc1ccccc1
1.4529,Cn1ncc(c1)[N+](=O)[O-]
1.3234,COC(=O)/C(=C/c1ccccc1)/C/N=C/c1cccc(c1)[N+](=O)[O-]
1.5733,O=C(c1ccc(cc1)[N+](=O)[O-])NNC(=O)c1ccc(cc1)[N+](=O)[O-]
1.2614,O=C(Nc1cc(C)cc(n1)C)Cc1cccc(c1)[N+](=O)[O-]
1.3195,C/C(=N\c1n(C)cnc1[N+](=O)[O-])/N1CCCCC1
1.4617,CN([N+](=O)[O-])CN1C(=O)c2c(C1=O)cccc2
1.4432,CCCNc1ccc(cc1[N+](=O)[O-])[N+](=O)[O-]
1.4873,[O-][N+](=O)c1cccc(c1)/C=N/n1cnnc1
1.4434,CN(CCNc1ccc(cc1[N+](=O)[O-])[N+](=O)[O-])C
1.4055,COc1ccc(cn1)/N=C/c1ccc(cc1)[N+](=O)[O-]
1.3807,Cc1cn(c(n1)C)c1ccc(cc1)[N+](=O)[O-]
1.4507,[O-][N+](=O)c1ccccc1/C=N/N=C/c1ccccc1[N+](=O)[O-]
1.7522,[O-][N+](=O)c1c(O)c(C(=O)C)c(c(c1O)[N+](=O)[O-])O
1.5349,Cc1cc/c(=N\[N+](=O)[O-])/n(c1)O
1.3718,CNC1=C([N+](=O)[O-])[C@@H](C(=C(O1)c1ccccc1)C#N)c1ccccc1
1.345,[O-][N+](=O)c1ccc(cc1)N/N=C/c1ccccc1
1.6678,C[C@H]1CN(C(=N1)C([N+](=O)[O-])([N+](=O)[O-])[N+](=O)[O-])[N+](=O)[O-]
1.4031,[O-][N+](=O)c1ccccc1c1nc2c([nH]1)cccc2
1.6225,COc1ncc(cc1[N+](=O)[O-])[N+](=O)[O-]
1.4572,CCN([N+](=O)[N-]Oc1ccc(cc1[N+](=O)[O-])[N+](=O)[O-])CC
1.6052,COn1c(=O)[nH]c2c1cc(cc2)[N+](=O)[O-]
1.4338,O=C(c1ccc(cc1)[N+](=O)[O-])N/N=C/c1c(O)ccc2c1cccc2
1.6576,[O-][N+](=O)c1cc(cc(c1C)[N+](=O)[O-])C(=O)O
1.4472,[O-][N+](=O)c1ccc(cc1)c1cnc2c(n1)cccc2
1.5197,[O-][N+](=O)C1=C(C)[C@](C)(O)C(=O)[C@@]([C@@]1(C)[N+](=O)[O-])(C)[N+](=O)[O-]
1.4155,COc1cc2c(cc1OC)c(=O)ccn2c1ccc(cc1)[N+](=O)[O-]
1.4571,Nc1ccc(cc1)[N+](=O)[O-]
1.4866,[O-][N+](=O)c1ccc(cc1)[C@@H]1O[C@@H]1c1ccc(cc1)[N+](=O)[O-]
1.601,[O-][N+](=O)c1ccc(c(c1)C(=O)O)N
1.1945,CC1(C)NC(NC(C1)(C)C)c1ccc(cc1)[N+](=O)[O-]
1.4596,Nc1ccc(cc1C(=O)c1ccccc1)[N+](=O)[O-]
1.5185,[O-][N+](=O)c1ccc(c(c1)N)N
1.5971,[O-][N+](=O)N1CCCCNC1=C([N+](=O)[O-])[N+](=O)[O-]
1.4955,Oc1ccc(cc1)NC(=O)c1ccc(cc1)[N+](=O)[O-]
1.3139,COc1ccccc1/N=C/C=C/c1ccccc1[N+](=O)[O-]
1.4745,NC(=O)c1cccc(c1)[N+](=O)[O-]
1.3038,C[C@]1(C[C@H]1[N+](=O)/C=C/1\C=CC(=[N+]([O-])[O-])C=C1)c1ccccc1
1.4925,CCNC(=O)c1cc(cc(c1)[N+](=O)[O-])[N+](=O)[O-]
1.6167,CO[C@@H]1N([N+](=O)[O-])[C@H](OC)N([C@@H](N1[N+](=O)[O-])OC)[N+](=O)[O-]
1.4295,[O-][N+](=O)c1ccc(cc1)n1cccc1
1.4571,[O-][N+](=O)C1=C/C(=[NH+]\CC)/[N+](=O)C=C1
1.2707,[O-][N+](=O)c1ccccc1n1nc(cc1N)C(C)(C)C
1.5243,[O-][N+](=O)c1cn(c(n1)C)c1cccnc1
1.5317,O=C([C@@H]1CCCN1)Nc1cc(cc(c1)[N+](=O)[O-])[N+](=O)[O-]
1.4943,COC(=O)[C@H]1[C@@H](ON=C1c1ccc(cc1)[N+](=O)[O-])C(=O)OC
1.3728,Cc1ccc(cc1)n1cc(nc1C)[N+](=O)[O-]
1.4138,O=C(C(=O)c1cn(c2c1cccc2)C)c1ccc(cc1)[N+](=O)[O-]
1.3057,[O-][N+](=O)/C(=C/c1cncn1Cc1ccccc1)/c1ccccc1
1.3125,[O-][N+](=O)c1cccc(c1)n1nncc1c1ccccc1
1.5486,[O-][N+](=O)c1cccc(c1)N1C=Nc2c(C1)c(ccc2)[N+](=O)[O-]
1.4461,[O-][N+](=O)c1cc(ccc1Cc1ncccc1C)[N+](=O)[O-]
1.3749,COc1ccc(cc1)n1ccc(c1c1ccc(cc1)[N+](=O)[O-])C=O
1.4166,N#C/C(=C\c1ccc(cc1)n1cncc1)/c1ccc(cc1)[N+](=O)[O-]
1.5973,[O-][N+](=O)c1cc(cc(c1N1CCOCC1)[N+](=O)[O-])[N+](=O)[O-]
1.5808,[O-][N+](=O)c1nn(cn1)CC(=O)NCCO
1.4575,O=C(Cc1ccc(cc1)[N+](=O)[O-])NCC(=O)O
1.317,[O-][N+](=O)c1ccc(cc1)/C=C/c1cc2c(n1C)cccc2
1.3194,Oc1ccc(cc1/C=C/C1=Nc2c(C1(C)C)cccc2)[N+](=O)[O-]
1.4061,[O-][N+](=O)[C@@]1(CCCCC1=O)c1ccc(cc1)[N+](=O)[O-]
1.4477,O=C(c1ccncc1)NCCO[N+](=O)[O-]
1.412,[O-][N+](=O)c1ccc(cc1)/N=C/c1ccccn1
1.3818,O=C(Nc1cccc(c1)C)Nc1ccc(cc1)[N+](=O)[O-]
1.5942,NC(=O)c1cc(N2CC2)c(cc1[N+](=O)[O-])[N+](=O)[O-]
1.425,CCOC(=O)/C(=N\Nc1ccc(cc1O)[N+](=O)[O-])/C(=O)C
1.4971,[O-][N+](=O)c1c(C)ccnc1N
1.4728,N#Cc1ccc(cc1)NC(=O)Nc1ccc(cc1)[N+](=O)[O-]
1.3247,CC(Oc1cccc2n1cc(c2)c1ccc(cc1)[N+](=O)[O-])C
1.3649,C/C(=N\Oc1ccc(cc1)[N+](=O)[O-])/c1ccccc1
1.3325,O[C@@]1(C=CC2=NCC[C@@]2(C1)C)c1ccc(cc1)[N+](=O)[O-]
1.3778,N#C/C=C/1\CCC[C@@H]1OC(=O)c1ccc(cc1)[N+](=O)[O-]
1.5521,COC(=O)C(=NNc1ccc(cc1[N+](=O)[O-])[N+](=O)[O-])C(=O)OC
1.6342,[O-][N+](=O)c1nc2n(n1)CCCn1c2nc(n1)[N+](=O)[O-]
1.7924,O[C@@H]1[C@@H](O)OCC1([N+](=O)[O-])[N+](=O)[O-]
1.3744,Cc1ccc(cc1)C(=O)N/N=C/c1cccc(c1)[N+](=O)[O-]
1.4748,COC(=O)/C(=C/c1ccccc1[N+](=O)[O-])/Cn1cnnn1
1.6132,N/N=C/c1ccc(cc1[N+](=O)[O-])[N+](=O)[O-]
1.4205,[O-][N+](=O)c1ccc(cc1)C1=NO[C@H]2[C@@H]1Cc1c2cccc1
1.2531,Cc1ccc(n1c1ccc(cc1)[N+](=O)[O-])C
1.4971,O=[N+]1O[N-]C(=C1[C@H](c1cccc(c1)[N+](=O)[O-])C)c1cccc(c1)[N+](=O)[O-]
1.5837,[O-][N+](=O)OCC1(COC(=N1)c1cccnc1)CO[N+](=O)[O-]
1.3637,Cc1cnc(c(n1)Cc1c[nH]c2c1c(ccc2)[N+](=O)[O-])C
1.5037,O=C(c1ccccc1)N1CC(C1)([N+](=O)[O-])[N+](=O)[O-]
1.5831,[O-][N+](=O)[C@@H]1[C@@H]2C[C@@]3(C[C@H]1C[C@@]3(C2)[N+](=O)[O-])[N+](=O)[O-]
1.4393,[O-][N+](=O)c1c(C)cn2c1cccc2
1.5527,CO[C@@]12[C@H]3O[C@H]3CN2c2c(C1=O)cccc2[N+](=O)[O-]
1.3994,CC(=O)/C(=C/c1ccccc1)/COc1ccc(cc1[N+](=O)[O-])[N+](=O)[O-]
1.7131,[O-][N+](=O)C1(C[C@H]2C[C@@H]1CC2([N+](=O)[O-])[N+](=O)[O-])[N+](=O)[O-]
1.3768,CN(C1=N/C(=N\c2ccccc2[N+](=O)[O-])/c2c1cccc2)C
1.5282,[O-][N+](=O)c1cc(cc2c1cccc2)[N+](=O)[O-]
1.5967,CCOC(=O)c1cc(cc2c1c1c(C2=O)cc(cc1[N+](=O)[O-])[N+](=O)[O-])[N+](=O)[O-]
1.3479,N#CCc1cccc(c1C)[N+](=O)[O-]
1.4738,Nc1nccc(c1)[N+](=O)[O-]
1.3635,CCN1CCO[C@@H](O1)c1ccc(cc1)[N+](=O)[O-]
1.3332,C[C@H](Cn1c(C)ncc1[N+](=O)[O-])OC(=O)c1ccccc1
1.5187,CC([N+](=O)[O-])([N+](=O)[O-])COCOCC([N+](=O)[O-])([N+](=O)[O-])C
1.3343,COC(=O)C(NC(=O)/C=C/c1cccc(c1)[N+](=O)[O-])(C)C
1.239,CCN(CCN/C=C\1/C=C(C=CC1=O)[N+](=O)[O-])CC
1.9219,[O-][N+](=O)C1=C(N)[N+](=O)C(=[NH2+])C(=N1)[N+](=O)[O-]
1.9461,[O-][N+](=O)c1nnc2n(c1N)nc(c2[N+](=O)[O-])[N+](=O)[O-]
1.438,Nc1cccc(c1)[N+](=O)[O-]
1.375,COc1ccccc1/C=N/NC(=O)c1cccc(c1)[N+](=O)[O-]
1.3993,NC(=O)[C@H](c1ccccc1)/N=C/c1ccccc1[N+](=O)[O-]
1.425,CN(c1ccc(cc1)c1nc2c(o1)ccc(c2)[N+](=O)[O-])C
1.698,[O-][N+](=O)C1=C(N)N=[N+]([N+]1=O)C
1.4429,CC(=O)C(=NNc1ccccc1[N+](=O)[O-])C(=O)C
1.438,COc1ccccc1NC(=O)c1cc(C)cc(c1O)[N+](=O)[O-]
1.5059,COC(=O)/C(=[N+]\1/N=[n+]2c(=C1C)cccc2)/C=C([N+](=O)[O-])[N+](=O)[O-]
1.4215,O=Cc1cc(ccc1N1CCOCC1)[N+](=O)[O-]
1.4117,Oc1ccc(cc1/C=N/c1ccccc1)[N+](=O)[O-]
1.6828,O=C1C(=O)c2cccc(c2c2c1cc(cc2)[N+](=O)[O-])[N+](=O)[O-]
1.3132,CC[C@@]([C@@]([N+](=O)[O-])(CC)C)([N+](=O)[O-])C
1.4708,Oc1ccc(nc1)/N=N/c1cccc(c1)[N+](=O)[O-]
1.3617,O=Cc1cc(ccc1N1CCCCC1)[N+](=O)[O-]
1.374,[O-][N+](=O)c1cc2ccccc2nc1c1ccccc1
1.354,COc1ccc(cc1)n1cc(nc1C)[N+](=O)[O-]
1.4459,[O-][N+](=O)c1c(C(=O)N2CCOC2=O)n(nc1CC)C
1.5997,[O-][N+](=O)C1=C[C@@]([N+](=O)[O-])(C2CC2)[C@@H]([C@](C1=O)(C)O)[N+](=O)[O-]
1.3533,C/C(=C(\C[N+](=O)[O-])/C)/C[N+](=O)[O-]
1.4428,COc1ccc(cc1)/C=C/c1c(cc(cc1[N+](=O)[O-])C(=O)OC)[N+](=O)[O-]
1.4118,CCOc1cc(/C=N/Nc2ccccc2[N+](=O)[O-])ccc1O
1.3322,Nc1ccccc1C#Cc1ccccc1[N+](=O)[O-]
1.5741,COc1ccc(c(c1[N+](=O)[O-])n1cncn1)[N+](=O)[O-]
1.8122,[O-][N+](=O)c1cc2n3c(n[nH]c3=O)COc2c(c1)[N+](=O)[O-]
1.3887,O=C1C[C@](C(=O)N1C)(C)c1ccccc1[N+](=O)[O-]
1.4138,[O-][N+](=O)c1cccc(c1)/C=N/c1onc(c1C)C
1.9071,[O-][N+](=O)N1[C@@H]2[C@H]3N[C@H]4N([C@H]([C@@H]1N([N+](=O)[O-])[C@H]4N3[N+](=O)[O-])N2[N+](=O)[O-])[N+](=O)[O-]
1.3511,CN(c1ccc(cc1)[N+](=O)[O-])C
1.3877,[O-][N+](=O)c1ccc2c(c1)NCCOCCNCCO2
1.3523,[O-][N+](=O)c1ccccc1[C@H](Cc1cnc(o1)c1ccccc1)O
1.3731,[O-][N+](=O)c1ccccc1C(=O)Nc1ccccc1
1.404,O[C@@H]([C@H]([N+](=O)[O-])C)c1ccncc1
1.4694,N#Cc1cccc(c1C#N)[N+](=O)[O-]
1.8333,[O-][N+](=O)c1c(N)[nH][nH]c1=O
1.3904,[O-][N+](=O)c1ccccc1/N=N/c1c(C)nn(c1N)c1ccccc1
1.3887,O=C1N[C@H](N[C@H]2[C@@H]1CCCC2)c1ccc(cc1)[N+](=O)[O-]
1.7018,[O-][N+](=O)N1CN(CN([C@@H]2[C@H]1N(CN2C(=O)C)C(=O)C)[N+](=O)[O-])[N+](=O)[O-]
1.4068,C/C(=N\N=C(\c1cccc(c1)[N+](=O)[O-])/C)/c1cccc(c1)[N+](=O)[O-]
1.3817,[O-][N+](=O)C1=C/C(=C/NCCCO)/C(=O)C=C1
1.7674,[O-][N+](=O)Nc1nonc1c1nnc(o1)/N=N/c1nnc(o1)c1nonc1N[N+](=O)[O-]
1.5918,NC(=O)N/N=C/c1ccc(o1)[N+](=O)[O-]
1.4527,[O-][N+](=O)c1ccc(cc1)/C=C/c1ccc(cc1)[N+](=O)[O-]
1.5304,ON(c1onc(c1)[N+](=O)[O-])[C@H]1CCCO1
1.4014,COC(=O)/C(=N/NC(=O)c1ccc(cc1)[N+](=O)[O-])/CC(=O)OC
1.5025,N#CCN([N+](=O)[O-])CC#N
1.6778,O=CN1CC(C1)([N+](=O)[O-])[N+](=O)[O-]
1.4852,Oc1ccc(cc1)C(=O)N/N=C/c1ccc(c(c1)[N+](=O)[O-])O
1.4197,O=[N+]1c2cc(ccc2[N-]C21CCCCC2)[N+](=O)[O-]
1.3056,[O-][N+](=O)c1ccc(cc1)[C@@H]1NC[C@H]2[C@@H](O1)CCCC2
1.4227,COc1ccc(c(c1)/C=N/c1ccc(cc1)[N+](=O)[O-])O
1.5065,[O-][N+](=O)c1cnn(c1)Cc1ccc(cc1)Cn1ncc(c1)[N+](=O)[O-]
1.6278,[O-][N+](=O)c1ccc(o1)/C=N\O
1.4321,Nc1ccc(cc1)c1ncc(n1C)[N+](=O)[O-]
1.3936,[O-][N+](=O)c1cc(ccc1NN=C1CCCCCCC1)[N+](=O)[O-]
1.4107,CN/C=C/[N+](=O)[O-]
1.3744,COC(=O)c1ccc(c(c1)[N+](=O)[O-])Nc1ccccc1
1.3332,O=C(N(c1ccccc1[N+](=O)[O-])C)/C=C/c1ccccc1
1.391,[O-][N+](=O)c1cc(OCc2ccccc2)ccc1N
1.5623,[O-][N+](=O)c1cn(c(n1)c1ncc(n1C)[N+](=O)[O-])C
1.7658,NC(=O)C1=C([N-]O[N+]1=O)[N+]1=NC(=C([N+]1=O)C(=O)N)[N+](=O)[O-]
1.4384,OC1=CC(=O)/C(=C\Nc2cccc(c2)[N+](=O)[O-])/C=C1
1.5214,CCC(C([N+](=O)[O-])(C)C)([N+](=O)[O-])[N+](=O)[O-]
1.4413,O=C(c1ccccc1)Nc1ccc(cc1)[N+](=O)[O-]
1.3159,N#CC(=C1OC(C(=C1C#N)/C=C/c1ccc(cc1)[N+](=O)[O-])(C)C)C#N
1.653,O=c1cc(C)c2c(o1)cc(c(c2[N+](=O)[O-])O)[N+](=O)[O-]
1.395,O=C(c1ccc(cc1)[N+](=O)[O-])CNc1ccccc1
1.4774,N#Cc1[nH]c(nc1[N+](=O)[O-])C
1.4611,Oc1cccc(c1)/C=N/NC(=O)c1ccc(cc1)[N+](=O)[O-]
1.6225,COc1c(cc(cc1[N+](=O)[O-])n1cnnn1)[N+](=O)[O-]
1.4917,OC[C@H]1O[C@H](C[C@@H]1O)n1ncc2c1cccc2[N+](=O)[O-]
1.7495,[O-][N+](=O)c1cn(c(n1)[N+](=O)[O-])N
1.4139,Cc1ccnc(c1)Cc1ccc(cc1[N+](=O)[O-])[N+](=O)[O-]
1.367,N#C[C@]1(C=C1c1ccccc1)[N+](=O)[O-]
1.6349,[O-][N+](=O)c1ccc(c(c1[N+](=O)[O-])[N+](=O)[O-])C
1.3392,[O-][N+](=O)[C@@H]1C(=C[C@@](C(=O)C1(C)C)(C)[N+](=O)[O-])C
1.4386,N#Cc1c(cccc1C#N)Oc1ccccc1[N+](=O)[O-]
1.4155,O=C(c1noc(c1[N+](=O)[O-])c1ccccc1)c1ccccc1
1.2626,CN(C(=C[N+](=O)[O-])N(C)C)C
1.8136,[O-][N+](=O)c1cc2c(=O)[nH]c3c(c2c(c1)[N+](=O)[O-])cc(cc3[N+](=O)[O-])[N+](=O)[O-]
1.3692,N#Cc1cccc(c1C)[N+](=O)[O-]
1.3298,[O-][N+](=O)c1cccc(c1)NCc1ccccc1
1.5073,[O-][N+](=O)c1cc(C)c(c(c1O)[N+](=O)[O-])C
1.3798,C[C@H]([C@]12CCC[C@@H]2C1)OC(=O)c1cc(cc(c1)[N+](=O)[O-])[N+](=O)[O-]
1.6567,[O-][N+](=O)c1cc(ccc1Nc1ccc(cc1[N+](=O)[O-])[N+](=O)[O-])[N+](=O)[O-]
1.3768,O=C(Nc1ccc(cc1)[N+](=O)[O-])Nc1ccc(cc1)N(C)C
1.3588,C[C@@H](C(=O)OCc1ccc(cc1)[N+](=O)[O-])C(=O)Nc1ccccc1
1.3219,COc1ccc(cc1)/C(=C/C=C/c1ccc(cc1)[N+](=O)[O-])/C#N
1.2981,[O-][N+](=O)C[C@H](c1c(N)n(C)c(=O)n(c1=O)C)c1ccccc1
1.4729,[O-][N+](=O)c1cccc(c1)c1nc2ccccc2nc1c1cccc(c1)[N+](=O)[O-]
1.8395,[O-][N+](=O)/N=C/1\N[C@@H]2[C@H](N1)N/C(=N\[N+](=O)[O-])/N2
1.6435,[O-][N+](=O)C1(CNC1)[N+](=O)[O-]
1.3868,[O-][N+](=O)[C@H]1C(=C[C@](C(=O)[C@@]1(C)[N+](=O)[O-])(C)[N+](=O)[O-])C(C)(C)C
1.4141,O=C(c1c2ccccc2nc(c1[N+](=O)[O-])N)NCc1ccccc1
1.6763,[O-][N+](=O)c1cc(cc(c1)[N+](=O)[O-])[N+](=O)[O-]
1.4301,O=C(c1cc(cc(c1)[N+](=O)[O-])[N+](=O)[O-])O[C@H]1CCCCCC=C1
1.2308,Cc1ccc(cc1)N(CCc1ccc(cc1)[N+](=O)[O-])C
1.5876,O=C1[C@H]2C[C@@H](c3c1cc(cc3)[N+](=O)[O-])C(=O)c1c2ccc(c1)[N+](=O)[O-]
1.61,[O-][N+](=O)[N-][N@+]12CC[N@+](CC1)(CC2)[N-][N+](=O)[O-]
1.4475,Oc1ccc(cc1)/C=N/NC(=O)c1ccc(cc1)[N+](=O)[O-]
1.6814,N#[N+]C1=C(N=[N+](C1=O)C)[N+](=O)[O-]
1.5006,[O-][N+](=O)[C@@H]1Oc2c([C@H]1c1ccccc1)c(=O)[nH]cn2
1.3438,CCOC(=O)/C(=N/Nc1ccccc1[N+](=O)[O-])/C
1.5101,Oc1cccc(c1)/C=N/NC(=O)c1cccc(c1)[N+](=O)[O-]
1.4619,O=C1Nc2cccc(c2C(=O)N2[C@@H]1CCC2)[N+](=O)[O-]
1.8301,[O-][N+](=O)N1CCN(c2c1non2)[N+](=O)[O-]
1.5113,Cc1ccc(cc1n1cnnn1)[N+](=O)[O-]
1.3571,CCOC(=O)[C@@H]([C@@H]1C(=C(NC)Oc2c1cccc2)[N+](=O)[O-])C#N
1.5763,Cn1nc(c(n1)[N+](=O)[O-])N
1.5996,O=[N+]1C=C/C(=[NH+]/[N+](=O)[O-])/C=C1
1.5332,[O-][N+](=O)[C@]1(C)C=C[C@@](c2c1cccc2)(C)C([N+](=O)[O-])([N+](=O)[O-])[N+](=O)[O-]
1.3346,[O-][N+](=O)c1ccc(cc1)CO/N=C/c1ccccn1
1.3359,CC1=NN([C@H](C1)c1ccccc1O)C(=O)c1ccc(cc1)[N+](=O)[O-]
1.4963,O=C(c1ccccc1)N/N=C/c1cc(ccc1O)[N+](=O)[O-]
1.2987,C/C(=N\N=C(\c1ccccc1)/C)/c1ccc(cc1)[N+](=O)[O-]
1.3843,N#C[C@H](c1cccc(c1)[N+](=O)[O-])CC(=O)c1ccccc1
1.4468,[O-][N+](=O)c1cc(ccc1N(c1ccccc1)C)[N+](=O)[O-]
1.4049,Oc1ccc2c(c1/C=N/c1cccc(c1)[N+](=O)[O-])cccc2
1.4655,O=C(c1ccc(cc1)[N+](=O)[O-])Oc1ccccn1
1.3764,COCCNC(=O)Nc1ccc(cc1)[N+](=O)[O-]
1.4052,Cc1cc(C)c(c(=O)c(c1)C)Oc1ncc(cc1[N+](=O)[O-])[N+](=O)[O-]
1.5597,[O-][N+](=O)c1ccc(c(c1)C(=O)N)O
1.6185,COc1c([N+](=O)[O-])c(OC)c(c(c1[N+](=O)[O-])OC)[N+](=O)[O-]
1.4814,[O-][N+](=O)c1n(C)cnc1c1conc1c1ccccc1
1.4631,[O-][N+](=O)c1cc(ccc1N(C)C)[N+](=O)[O-]
1.4492,CN1C[C@@]2(CC(=O)C[C@](C1)(C2)[N+](=O)[O-])[N+](=O)[O-]
1.3377,COc1ccccc1/C=N/NC(=O)c1ccccc1[N+](=O)[O-]
1.5107,N#Cc1c2CCCCC(c2nc(c1C#N)O)([N+](=O)[O-])[N+](=O)[O-]
1.9079,[O-][N+](=O)C(CC([N+](=O)[O-])([N+](=O)[O-])[N+](=O)[O-])CC([N+](=O)[O-])([N+](=O)[O-])[N+](=O)[O-]
1.7113,[O-][N+](=O)N1CN(C[C@@H]1[C@H]1CN(CN1[N+](=O)[O-])[N+](=O)[O-])[N+](=O)[O-]
1.3984,CCOc1cc(/C=N/Nc2ccc(cc2)[N+](=O)[O-])ccc1O
1.2412,[O-][N+](=O)C(Cc1c[nH]c2c1cccc2)(C)C
1.4422,[O-][N+](=O)[C@@H]([C@@H]1NC(=O)c2c1cccc2)C
1.2534,O=C([C@@H](NC(=O)C(C)(C)C)C)Nc1cccc(c1)[N+](=O)[O-]
1.6208,OC(=O)CCC([N+](=O)[O-])([N+](=O)[O-])[N+](=O)[O-]
1.9924,O=C1N[C@H]2[C@@H](N1[N+](=O)[O-])NC(=O)N2[N+](=O)[O-]
1.7021,[O-][N+](=O)C(=C1NCCN1)[N+](=O)[O-]
1.2902,CNC(=O)Oc1cc(ccc1OC(C)C)[N+](=O)[O-]
1.411,COC(=O)C1=Cc2cc(ccc2O[C@@H]1N1CCOCC1)[N+](=O)[O-]
1.4502,O=C1C=Cc2c(/C/1=C/Nc1ccc(cc1)[N+](=O)[O-])cccc2
1.3336,CN(c1ccc(cc1)Oc1ccc(cc1)[N+](=O)[O-])C
1.5018,[O-][N+](=O)c1ccc(cc1)Oc1ccccc1Oc1ccc(cc1)[N+](=O)[O-]
1.4518,O=C(c1ccc(cc1)[N+](=O)[O-])N/N=C/c1cccc(c1)[N+](=O)[O-]
1.4079,O=C(c1cc(cc(c1)[N+](=O)[O-])[N+](=O)[O-])O[C@@H]1C[C@H]2C[C@@H]1c1c2cccc1
1.4784,[O-][N+](=O)c1ncc(cn1)c1ccccc1
1.5912,COc1c(cc(cc1[N+](=O)[O-])[N+](=O)[O-])n1cncn1
1.6036,CC(Nc1c([N+](=O)[O-])c(N)c(c(c1[N+](=O)[O-])N)[N+](=O)[O-])C
1.4496,OC[C@H]([C@@H](c1ccc(cc1)[N+](=O)[O-])O)N
1.8138,[O-][N+](=O)[C@]12[C@H]3[C@]4([C@@H]2[C@]2([C@@H]1[C@@]3([C@@H]42)[N+](=O)[O-])[N+](=O)[O-])[N+](=O)[O-]
1.3071,Cc1cc(cnc1N[C@H](c1ccccc1)C)[N+](=O)[O-]
1.4066,[O-][N+](=O)c1cccn2c1cc(c2)c1ccccc1
1.2832,N#Cc1c(C)c(C)c(c(c1N)[N+](=O)[O-])c1ccccc1
1.4275,[O-][N+](=O)c1ccc2c(c1)nn(c2C)C
1.3076,[O-][N+](=O)c1ccc(cc1)/C=C\C1=NN(CC1)c1ccccc1
1.4285,CC(c1nc(cn1[N+](=O)[O-])[N+](=O)[O-])C
1.4558,N#C[C@@H]1[C@H]2C[C@H]3[C@@H]1C=C[C@H]3[C@@H]2OC(=O)c1cc(cc(c1)[N+](=O)[O-])[N+](=O)[O-]
1.2817,CCOc1ccc(cc1)/C=N/N=C(/c1ccc(cc1)[N+](=O)[O-])\C
1.7752,[O-][N+](=O)C(/C(=N/c1nnnn1C)/N)([N+](=O)[O-])[N+](=O)[O-]
1.3595,COc1ccc(cc1)/N=C/c1ccc(cc1)[N+](=O)[O-]
1.7379,Nc1onc(n1)c1nonc1[N+](=O)[O-]
1.494,O/N=C(/c1ccc(cc1)[N+](=O)[O-])\C/C(=N\O)/c1ccccc1O
1.5253,OC[C@H]1O[C@H]([C@@H]([C@@H]1O)O)n1ncc2c1cccc2[N+](=O)[O-]
1.4915,O=C[C@@H]1[C@H]([C@@H]1[N+](=O)[O-])c1ccc(cc1)[N+](=O)[O-]
1.8217,[O-][N+](=O)N1CCN([C@@H]2[C@@H]1N(CCN2[N+](=O)[O-])[N+](=O)[O-])[N+](=O)[O-]
1.4129,C#Cc1ccc(cc1)NC(=O)Nc1ccc(cc1)[N+](=O)[O-]
1.4122,CN(C(=C([N+](=O)[O-])[N+](=O)[O-])N(C)C)C
1.3959,[O-][N+](=O)[C@H]1C(=C[C@@](C(=O)[C@@]1(C)[N+](=O)[O-])(C)[N+](=O)[O-])C(C)(C)C
1.2962,N#CC(C(c1ccccc1)(C)C)(/N=N/c1ccc(cc1)[N+](=O)[O-])C#N
1.5002,O=C(c1onc2c1cc(cc2)[N+](=O)[O-])c1ccccc1
1.3678,CN(/C=C/c1ncn(c1[N+](=O)[O-])C)C
1.4038,CCOC(=O)/C(=C\c1cccc(c1)[N+](=O)[O-])/C#N
1.4469,[O-][N+](=O)c1ccc(c2c1non2)NCCN1CCOCC1
1.2884,COc1ccc(cc1)[C@@H](c1c[nH]c2c1cccc2)C[N+](=O)[O-]
1.4134,O=NN(c1ccccc1)c1ccc(cc1)[N+](=O)[O-]
1.6645,[O-][N+](=O)N1CCCN(C1C1N(CCCN1[N+](=O)[O-])[N+](=O)[O-])[N+](=O)[O-]
1.2447,CCCNC(=O)c1ccccc1[N+](=O)[O-]
1.4937,CCOC(=O)c1nnn(c1)c1ccc(cn1)[N+](=O)[O-]
1.4055,CO/N=C(\c1ccc(cc1)[N+](=O)[O-])/C#N
1.544,O=C(C(=O)c1ccc(cc1)[N+](=O)[O-])c1ccc(cc1)[N+](=O)[O-]
1.3881,[O-][N+](=O)/C=C/1\CCCN1C
1.4114,OC(=O)CCNc1ccc(cc1)[N+](=O)[O-]
1.5967,[O-][N+](=O)c1cc(ccc1N/N=C/c1ccc2c(c1)OCO2)[N+](=O)[O-]
1.5429,[O-][N+](=O)c1n[nH]nc1C
1.4287,Oc1ccc(cc1)/C=N/NC(=O)c1ccccc1[N+](=O)[O-]
1.4211,O=C([C@H]1O[C@H]1c1ccc(cc1)[N+](=O)[O-])Nc1ccccc1
1.4419,[O-][N+](=O)c1c(c2ccccc2)n(c2c1cc(cc2)[N+](=O)[O-])C
1.3364,COc1ccccc1/N=C/c1ccc(cc1)[N+](=O)[O-]
1.3631,CN(c1ncnc(c1[N+](=O)[O-])N(C)C)C
1.3709,CC[C@@]1(CCC(=O)NC1=O)c1ccc(cc1)[N+](=O)[O-]
1.4366,CC([N-][N+](=O)c1nonc1N[N+](=O)[O-])(C)C
1.3573,C[C@@H]1CCC[C@@H](N1c1ccc(cc1[N+](=O)[O-])[N+](=O)[O-])C
1.379,O=C(COc1ccc(cc1)[N+](=O)[O-])NCc1ccccc1
1.7101,COc1c(cc(c(c1[N+](=O)[O-])N)[N+](=O)[O-])[N+](=O)[O-]
1.4482,[O-][N+](=O)[C@]12C[C@H]3C[C@@]2(C[C@@H](C1)C3)[N+](=O)[O-]
1.5341,[O-][N+](=O)C[C@]1(O)C(=O)Nc2c1cccc2
1.2742,CN([C@H](c1ccccc1)C)c1ccc(cn1)[N+](=O)[O-]
1.3478,CCOC(=O)Cn1ccc(c(c1=O)[N+](=O)[O-])C
1.4353,[O-][N+](=O)c1cc([N+](=O)[O-])c2c(c1Oc1c(C)cccc1C)cccc2
1.4332,[O-][N+](=O)c1ccc(cc1)/C=N/CC/N=C/c1ccc(cc1)[N+](=O)[O-]
1.3555,CN(c1ccc(cc1)/C=C(/[N+](=O)[O-])\C#N)C
1.4254,[O-][N+](=O)c1ccc(cc1)CCc1ccc(cc1)[N+](=O)[O-]
1.6638,CCN(c1c(cc(cc1[N+](=O)[O-])[N+](=O)[O-])[N+](=O)[O-])[N+](=O)[O-]
1.8072,[O-][N+](=O)c1c[nH]c(=O)[nH]c1=O
1.5751,[O-][N+](=O)C1=C([N+](=O)[O-])[C@@](C)([N+](=O)[O-])C(C(=O)[C@@]1(C)[N+](=O)[O-])(C)C
1.3423,CCC(Nc1c(cc(c(c1[N+](=O)[O-])C)C)[N+](=O)[O-])CC
1.4764,COc1ccc(c(c1)[N+](=O)[O-])Nc1ncccn1
1.6038,[O-][N+](=O)/C=C/c1ccc(c(c1)[N+](=O)[O-])O
1.4589,CC(=O)OCc1ccc(c(c1)NC(=O)C)[N+](=O)[O-]
1.5359,O=C(Nc1ccc(cc1)[N+](=O)[O-])/C=C\C(=O)O
1.8078,[O-][N+](=O)[C@]12CN(C[C@@]2(CN(C1)[N+](=O)[O-])[N+](=O)[O-])[N+](=O)[O-]
1.5737,OCCNC(=O)c1cc(cc(c1)[N+](=O)[O-])[N+](=O)[O-]
1.9323,[O-][N+](=O)c1c2[N-]O[N+](=O)c2c2c(c1N)[N+](=O)O[N-]2
1.3515,Cc1nn(c(c1/N=N/c1ccccc1)C)c1ccc(cc1)[N+](=O)[O-]
1.2956,CN(c1ccc(cc1)/C=C/C=N/c1ccc(cc1)[N+](=O)[O-])C
1.4072,[O-][N+](=O)c1ccc(cc1)/C=N/c1ccccc1C(=O)N
1.7225,[O-][N+](=O)c1onc2c1[C@@H]1CO[C@@H](O1)C2=O
1.5383,N#Cc1ccc(cc1)/C=C\c1c(cc(cc1[N+](=O)[O-])[N+](=O)[O-])[N+](=O)[O-]
1.6571,[O-][N+](=O)c1cc(ccc1OCCOc1ccc(cc1[N+](=O)[O-])[N+](=O)[O-])[N+](=O)[O-]
1.4373,CC(OC(=O)c1cc(cc(c1)[N+](=O)[O-])[N+](=O)[O-])C
1.3413,[O-][N+](=O)c1ccc2c(c1)[C@@H]1[C@@H]3N2CC[C@]13C
1.323,C[C@H]([C@@H]([C@@H]([N+](=O)[O-])C)c1ccccc1)[N+](=O)[O-]
1.4439,O=C(c1ccco1)N/N=C/c1ccccc1[N+](=O)[O-]
1.7676,[O-][N+](=O)c1n(/N=N/n2cnc(c2[N+](=O)[O-])[N+](=O)[O-])cnc1[N+](=O)[O-]
1.5504,CCNc1nc(OC)nc(=C([N+](=O)[O-])[N+](=O)[O-])[nH]1
1.573,[O-][N+](=O)c1ccccc1[N+](=O)[O-]
1.4626,O=C1N[C@H](Nc2c1cccc2)c1cccc(c1)[N+](=O)[O-]
1.2021,OC[C@@H](c1ccccc1)Nc1ccc(cc1)[N+](=O)[O-]
1.4537,[O-][N+](=O)CC(c1c[nH]c2c1cccc2)C[N+](=O)[O-]
1.2799,[O-][N+](=O)c1ccccc1NN=C1CCCCC1
1.5017,Cc1ccc(cc1)/C=N/Nc1c(cc(cc1[N+](=O)[O-])[N+](=O)[O-])[N+](=O)[O-]
1.4737,COc1ccccc1c1onc(c1)CN1CCN/C/1=N\[N+](=O)[O-]
1.7734,[O-][N+](=O)c1cc([N+](=O)[O-])c(c(c1)[N+](=O)[O-])N
1.396,O=C1NC(=C([C@@H](C1)c1cccc(c1)[N+](=O)[O-])C(=O)C)C
1.4797,CNC1=C([N+](=O)[O-])[C@H](C2=C(O1)CCCC2=O)c1ccc(cc1)[N+](=O)[O-]
1.3854,N#CC(=C1C[C@H](c2ccco2)[C@H]([C@H](C1)c1ccco1)[N+](=O)[O-])C#N
1.3828,Cc1ccc(c(c1)[N+](=O)[O-])N/N=C\1/C=CC(=O)C2=CC=CC=C1C2
1.3499,[O-][N+](=O)c1ccc(cc1)Cc1ccncc1
1.3545,N#Cc1cc(ccc1/N=C/N(C)C)[N+](=O)[O-]
1.5514,[O-][N+](=O)[C@H]1[C@@H](C21CC2)[N+](=O)[O-]
1.246,[O-][N+](=O)c1ccc(cc1)C(c1cccn1C)c1cccn1C
1.7339,[O-][N+](=O)N=C1NCN(CN1)[N+](=O)[O-]
1.6901,OCC(C([N+](=O)[O-])(CO)CO)([N+](=O)[O-])CO
1.6965,[O-][N+](=O)c1cc([N+](=O)[O-])c(c(c1O)C(=O)C)O
1.8746,[O-][N+](=O)C1=CC(=[N+]([O-])[O-])[N+](=O)C(=C1)[N+](=O)[O-]
1.3411,Cc1cccc(c1)c1nc2c(n1c1ccc(cc1)[N+](=O)[O-])cccc2
1.5811,O=C1c2cc(ccc2c2c1cc(cc2)[N+](=O)[O-])[N+](=O)[O-]
1.9592,[O-][N+](=O)[C@]12[C@H]3[C@]4([C@@H]2[C@]2([C@@H]1[C@@]3([C@@]42[N+](=O)[O-])[N+](=O)[O-])[N+](=O)[O-])[N+](=O)[O-]
1.4112,CCOC(=O)c1[nH]nc(c1)C(=O)c1ccc(cc1)[N+](=O)[O-]
1.3761,O=C1C[C@@H](N1c1ccc(cc1)[N+](=O)[O-])c1ccccc1
1.3688,[O-][N+](=O)c1cnn(c1)[C@]12C[C@@H]3C[C@H](C1)C[C@](C2)(C3)O
2.0142,[O-][N+](=O)N1[C@@H]2O[C@@H]3[C@H]1N([N+](=O)[O-])[C@@H]1N([C@H]2O[C@@H]1N3[N+](=O)[O-])[N+](=O)[O-]
1.3855,O=C1N2CC[C@H]2C[C@H]1[C@@H](c1ccc(cc1)[N+](=O)[O-])O
1.3412,[O-][N+](=O)c1ccc2c(c1)c(C)c([nH]2)C
1.4813,COc1ccccc1[C@H]1C(=C(N)Oc2c1c(=O)oc(c2)C)[N+](=O)[O-]
1.3191,CN(c1ccc(cc1N)[N+](=O)[O-])C
1.4933,[O-][N+](=O)Cc1nnc(o1)c1ccccc1
1.5283,[O-][N+](=O)c1cc(cc(c1Nc1ccc(cc1)c1ccccc1)[N+](=O)[O-])[N+](=O)[O-]
1.4062,C=C[C@]1(C)Oc2ccccc2C(=O)N1c1ccc(cc1)[N+](=O)[O-]
1.3586,CN(c1ccc(c(c1)N)[N+](=O)[O-])C
1.3974,[O-][N+](=O)c1ccc(cc1)N1CCOCC1
1.5419,[O-][N+](=O)/N=c/1\cc(C)ccn1O
1.9374,Nc1c([N+](=O)[O-])c(N)c(c(c1[N+](=O)[O-])N)[N+](=O)[O-]
1.5038,[O-][N+](=O)c1ccc2n(c1=O)C[C@@H]1C[C@H]2CNC1
1.4711,[O-][N+](=O)c1ccn(n1)C
1.5228,O=C(c1ccc(cc1)[N+](=O)[O-])/C=C/c1ccc(o1)[N+](=O)[O-]
1.1997,O=CN[C@H]([C@@H](c1ccccc1)O[C@@H](C[N+](=O)[O-])CC)C
1.5634,[O-][N+](=O)C1=[N+]2C=CC=[N+]2C=C1
1.3774,[O-][N+](=O)c1cccc(c1)/C=C/c1ccc2c(n1)c(O)ccc2
1.3545,OC[C@@H]1CCCN1C(=O)c1cc(ccc1NC)[N+](=O)[O-]
1.549,C/C(=N\Nc1c(cc(cc1[N+](=O)[O-])[N+](=O)[O-])[N+](=O)[O-])/c1ccccc1
1.545,[O-][N+](=O)C1=C[C@@](O)(c2ccccc2)C(=O)[C@@]([C@@H]1[N+](=O)[O-])(C)[N+](=O)[O-]
1.4717,COC(=O)C1=C(C)NC(=O)N[C@@H]1c1cccc(c1)[N+](=O)[O-]
1.4122,O=C1Cc2ccccc2[C@H](N1)c1ccc(cc1)[N+](=O)[O-]
1.4038,[O-][N+](=O)C([C@H]1OC(=N)c2c1cccc2)(C)C
1.5308,[O-][N+](=O)c1cnc(nc1)N1CCOCC1
1.4486,CCOC(=O)/C(=C/c1ccc(cc1)[N+](=O)[O-])/[N+](=O)[O-]
1.3874,CN(C(=O)Oc1ccc(cc1)[N+](=O)[O-])C
1.3953,O=C(C(=O)n1cc(c2c1cccc2)C)c1ccc(cc1)[N+](=O)[O-]
1.4566,CCOC(=O)c1oncc1C(=O)c1ccc(cc1)[N+](=O)[O-]
1.517,Oc1cccc(c1)/C=N/Nc1ccc(cc1[N+](=O)[O-])[N+](=O)[O-]
1.143,CC(=O)NC(CC([N+](=O)[O-])(C)C)(C)C
1.4534,CC(=O)C(=NNc1ccc(cc1)[N+](=O)[O-])C(=O)C
1.5,[O-][N+](=O)c1cc(cc2c1O[C@H]1OCCC[C@H]1C2)[N+](=O)[O-]
1.7952,[O-][N+](=O)c1cc(cc(c1[N+](=O)[O-])[N+](=O)[O-])n1cnnn1
1.3627,COc1ccc(cc1)N([N+](=O)[O-])C
1.4499,[O-][N+](=O)C1([C@@H]2C[C@@H]3C[C@H]1C[C@H](C2)C3)[N+](=O)[O-]
1.3516,[O-][N+](=O)c1nnn(c1c1ccccc1)Cc1ccccc1
1.3853,O=C(c1ccccc1)NNC(=O)c1ccccc1[N+](=O)[O-]
1.2289,N#CC1([N+](=O)[O-])C(C1(C)C)(C)C
1.7315,CN(c1c(cc(cc1[N+](=O)[O-])[N+](=O)[O-])[N+](=O)[O-])[N+](=O)[O-]
1.3826,O=C1N[C@H]([C@H]1Oc1ccccc1)c1ccc(cc1)[N+](=O)[O-]
1.4133,[O-][N+](=O)OC[C@@H]1CC[C@H](CC1)CO[N+](=O)[O-]
1.3065,CN(c1ccc(cc1)OCCOc1ccc(cc1)[N+](=O)[O-])C
1.8353,Nn1nc(c2c1c(nn2N)[N+](=O)[O-])[N+](=O)[O-]
1.3404,[O-][N+](=O)c1cccc(c1O)/C=C/C1=Nc2c(C1(C)C)cccc2
1.3311,[O-][N+](=O)C1(CCCCC1)C1(CCCCC1)[N+](=O)[O-]
1.5081,[O-][N+](=O)O[C@H]1[C@H]([N+](=O)[O-])C(=C[C@@H]([C@@]1(C)[N+](=O)[O-])[N+](=O)[O-])C(C)C
1.8312,[O-][N+](=O)C1(CC(C1)([N+](=O)[O-])[N+](=O)[O-])[N+](=O)[O-]
1.3751,N#C/C(=C\c1c[nH]c2c1cccc2)/c1ccc(cc1)[N+](=O)[O-]
1.4343,N#CC(=NNc1ccc(cc1)[N+](=O)[O-])C#N
1.6591,NNc1ccc(cc1[N+](=O)[O-])[N+](=O)[O-]
1.3407,[O-][N+](=O)N1c2ccccc2C(=O)[C@]1(C)c1ccccc1
1.4417,Cc1ccc2c(c1)[n+]([O-])cc(c2)[N+](=O)[O-]
1.8298,[O-][N+](=O)c1cc(cc2c1N=[N+]1[N+]2=Nc2c1cc(cc2[N+](=O)[O-])[N+](=O)[O-])[N+](=O)[O-]
1.5535,O=C1N(C)C(=O)N(C(=O)C1c1ccc(cc1[N+](=O)[O-])[N+](=O)[O-])C
1.3872,N#Cc1ccc(c(c1)[N+](=O)[O-])C
1.3794,COc1cc(/N=C/c2cccc(c2)[N+](=O)[O-])ccc1OC
1.4197,COc1ccc(c(c1)[N+](=O)[O-])c1cnc2c(n1)cccc2
1.3724,C/C(=N/N=C(/c1ccccc1[N+](=O)[O-])\C)/c1ccccc1[N+](=O)[O-]
1.5208,COc1ccc(c(c1[N+](=O)[O-])n1nncc1)[N+](=O)[O-]
1.3066,CCOc1ccc(cc1)/N=C/C=C/c1ccccc1[N+](=O)[O-]
1.4141,O=C(c1ccc(cc1)[N+](=O)[O-])N/N=C(\c1ccccn1)/c1ccccc1
1.334,[O-][N+](=O)c1ccc2c(c1)C(C)(C)c1c(N2)cccc1
1.3029,CCCNc1ccc(cc1[N+](=O)[O-])C(=O)OCC
1.3266,CNc1cccc2c1c(ccc2[N+](=O)[O-])N(C)C
1.6276,[O-][N+](=O)c1ccc(c(c1)[N+](=O)[O-])N
1.3111,O=C(c1ccc(cc1)[N+](=O)[O-])N1CCCCC1
1.3624,COc1ccc(cc1)/C=N/Nc1ccccc1[N+](=O)[O-]
1.3329,CN(/C=N/c1ccc(cc1)[N+](=O)[O-])C
1.6316,O=C(c1c2nonc2c(cc1[N+](=O)[O-])[N+](=O)[O-])C(=O)c1ccccc1
1.6138,[O-][N+](=O)c1cc(no1)C(=O)OC
1.2685,CC/C(=N/Nc1ccccc1[N+](=O)[O-])/C
1.5059,O[C@H]1Nc2ccc(cc2C(=O)N2[C@H]1CCC2)[N+](=O)[O-]
1.3143,Cc1ccc(cc1)/N=C/c1ccccc1[N+](=O)[O-]
1.4826,Cc1ccc(cc1)c1noc2n1cc(n2)[N+](=O)[O-]
1.522,COC(=O)c1cc2c([nH]1)ccc(c2)[N+](=O)[O-]
1.3222,CN1CCO[C@@]2([C@H]1OCCN2C)c1ccc(cc1)[N+](=O)[O-]
1.6917,COC(=O)c1cc(cc(c1O)[N+](=O)[O-])[N+](=O)[O-]
1.488,[O-][N+](=O)c1cc(ccc1n1cc(c(n1)c1ccccc1O)C)[N+](=O)[O-]
1.4264,[O-][N+](=O)c1cn(c(n1)C)c1ccc(cc1)C(=O)C
1.4148,Cc1cc(cc2c1c1c(C)cc(cc1COC2)[N+](=O)[O-])[N+](=O)[O-]
1.5477,[O-][N+](=O)[C@@H]1C[C@H](C[C@H](C21OCCO2)[N+](=O)[O-])[N+](=O)[O-]
1.682,CC(=O)O[C@H]1NC(=C([N+](=O)[O-])[N+](=O)[O-])N[C@@H]1OC(=O)C
1.46,CCOC(=O)/C(=C/Nc1cccc(c1)[N+](=O)[O-])/C(=O)O
1.629,Nc1c(cccc1[N+](=O)[O-])[N+](=O)[O-]
1.2411,O=C1C=CC(=C/C/1=C/NCCN1CCCCC1)[N+](=O)[O-]
1.5897,OC(=O)c1ccc(cc1N)[N+](=O)[O-]
1.3591,O=C1N[C@@H](N[C@H]2[C@@H]1CCCC2)c1ccc(cc1)[N+](=O)[O-]
1.9671,[O-][N+](=O)N1[C@H]2O[C@H]3[C@@H]1N([N+](=O)[O-])[C@H]1O[C@@H]2N([N+](=O)[O-])[C@H]1N3[N+](=O)[O-]
1.5834,[O-][N+](=O)c1cccc2c1[nH]ncc2=O
1.5189,[O-][N+](=O)c1cc(ccc1/C=C/c1ccc2c(c1)OCO2)[N+](=O)[O-]
1.4245,Cc1cc(/C=C/c2ccc(cc2[N+](=O)[O-])[N+](=O)[O-])cc(c1O)C
1.3256,O=C(NC(C)(C)C)Nc1ccc(cn1)[N+](=O)[O-]
1.3281,CCCN1[C@@H]2[C@@]1([N+](=O)[O-])C(=O)N(c1c2cccc1)C
1.7231,[O-][N+](=O)c1ccc(c(c1)C(=O)O)[N+](=O)[O-]
1.4456,O=C(c1ccccc1)Nc1ccc(cc1C1=NCCO1)[N+](=O)[O-]
1.4793,CC(=O)Nc1ccc(c(c1)[N+](=O)[O-])O
1.3625,Nc1ccc(c(c1)[N+](=O)[O-])C
1.3005,CCN(c1ccccc1)C(=O)COc1ccc(cc1)[N+](=O)[O-]
1.3403,O=C(/C(=N\c1ccc(cc1)[N+](=O)[O-])/c1ccccc1)c1ccccc1
1.4958,CNC1=C(C=C2[C@@H](N1C)Oc1c(C2=O)cccc1)[N+](=O)[O-]
1.3852,CC(=O)NCCc1c[nH]c2c1c(ccc2)[N+](=O)[O-]
1.5179,[O-][N+](=O)c1ccc2c(c1)OC[C@H]1N2CCO1
1.3654,C/C(=N\N=C(\c1ccccc1[N+](=O)[O-])/C)/c1ccccc1[N+](=O)[O-]
1.5696,[O-][N+](=O)c1cnn(c1)Cn1ncc(c1)[N+](=O)[O-]
1.3553,COC(CN1CCN2C1=C(CC[C@@H]2O)[N+](=O)[O-])OC
1.35,O=C1N2CC[C@H]2C[C@@H]1[C@@H](c1ccc(cc1)[N+](=O)[O-])O
1.3177,CN(/C=C/[N+](=O)[O-])C
1.2826,CN(c1cccc2c1c(ccc2)[N+](=O)[O-])C
1.6338,[O-][N+](=O)C[C@]1(O)C(=O)c2cc(ccc2c2c1cc(cc2)[N+](=O)[O-])[N+](=O)[O-]
1.2944,[O-][N+](=O)C[C@@H](c1ccccc1)CC(=O)c1ccccn1
1.9542,[O-][N+](=O)c1nc(n(n1)C([N+](=O)[O-])[N+](=O)[O-])c1nc(nn1C([N+](=O)[O-])[N+](=O)[O-])[N+](=O)[O-]
1.4129,C[C@@H]1Oc2cccc(c2c2c(O[C@H]1C)cccc2[N+](=O)[O-])[N+](=O)[O-]
1.3971,O=C(c1cc(cc(c1)[N+](=O)[O-])[N+](=O)[O-])O[C@]12CCCC[C@H]2CC1
1.4214,COc1ccc2c(c1)n(cn2)c1ccc(cc1)[N+](=O)[O-]
1.2848,CCCCCCOC(=O)Nc1ccc(cc1)[N+](=O)[O-]
1.4207,CN(c1ccc(cc1)/C=C/1\OC(=O)c2c1ccc(c2)[N+](=O)[O-])C
1.4379,[O-][N+](=O)c1ccc(nc1)Nc1cccc2c1nccc2
1.2583,[O-][N+](=O)c1c(C)c([N+](=O)[O-])c(c(c1C)C(C)(C)C)C
1.3952,O=C(Cn1ccnc1[N+](=O)[O-])NCc1ccccc1
1.553,O=C1Oc2ccc(cc2CN1C)[N+](=O)[O-]
1.6125,[O-][N+](=O)c1c(N2CCCCC2)c([N+](=O)[O-])c(c(c1N)[N+](=O)[O-])N
1.3746,OCCn1c(/C=C/c2ccccc2)ncc1[N+](=O)[O-]
1.3764,N#CC(c1ncc(cn1)[N+](=O)[O-])(C#N)CCC#C
1.3363,[O-][N+](=O)c1nccn1C[C@@H](CN1C[C@@H]1C)O
1.4156,[O-][N+](=O)[C@H]1[C@](C)(C=C(C(=O)[C@]1(C)[N+](=O)[O-])C(C)(C)C)[N+](=O)[O-]
1.7183,[O-][N+](=O)N1CCCN=C1C([N+](=O)[O-])([N+](=O)[O-])[N+](=O)[O-]
1.4529,CCN1C(=O)c2c(C1=O)cc(cc2)[N+](=O)[O-]
1.4962,O=C1CC/[N+](=C/c2ccc(cc2)[N+](=O)[O-])/[N-]1
1.3747,O=C(c1nnn(c1)c1ccc(cn1)[N+](=O)[O-])OC(C)(C)C
1.6604,[O-][N+](=O)c1c[nH]cn1
1.415,[O-][N+](=O)c1c(C)cc2n1cccc2C
1.7508,[O-][N+](=O)c1cc(nc(c1)[N+](=O)[O-])[N+](=O)[O-]
1.7579,[O-][N+](=O)NCC(CN[N+](=O)[O-])(CN[N+](=O)[O-])CN[N+](=O)[O-]
1.9311,[O-][N+](=O)N1CN([N+](=O)[O-])C(=O)N(C1)[N+](=O)[O-]
1.4064,COc1ccc(cc1)/N=N/c1ccc(cc1)[N+](=O)[O-]
1.4188,COC(=O)C1=C(C)OC(=C([C@H]1c1ccccc1[N+](=O)[O-])C#N)N
1.5228,[O-][N+](=O)c1cc(ccc1C)c1nnn[nH]1
1.7117,[O-][N+](=O)N1CN(C2(C1)CN(CN(C2)[N+](=O)[O-])[N+](=O)[O-])[N+](=O)[O-]
1.4013,O/N=C(/c1ccc(cc1)/N=C/c1ccc(cc1)[N+](=O)[O-])\C
1.4687,NCCNc1cc(NCCN)c(cc1[N+](=O)[O-])[N+](=O)[O-]
1.281,N#CC(=c1cc(C)n(c(c1)C)CC)c1ccc(cc1)[N+](=O)[O-]
1.44,[O-][N+](=O)c1nc([nH]c1C)C
1.3852,CCn1nc2c(c1)c(ccc2)[N+](=O)[O-]
1.7608,[O-][N+](=O)OC1CN(CN(C1)[N+](=O)[O-])[N+](=O)[O-]
1.5754,O=[N+]1C=C/C(=[N+](/[N+](=O)[O-])\C)/C=C1
1.3378,CC1=Nc2ccccc2CN=C1c1cccc(c1)[N+](=O)[O-]
1.6727,[O-][N+](=O)c1nn(c(n1)[N+](=O)[O-])C
1.376,COc1ccc(cc1)n1nccc1c1ccccc1[N+](=O)[O-]
1.3948,O=C(Nc1ccc(cc1)[N+](=O)[O-])NCCc1ccc(cc1)O
1.5258,O=C(Oc1ccccc1)Nc1cc(cc(c1)[N+](=O)[O-])[N+](=O)[O-]
1.31,[O-][N+](=O)c1ccc(nc1)N[C@]12C[C@H]3C[C@@H](C2)C[C@@H](C1)C3
1.8129,[O-][N+](=O)N1CCN=C1C([N+](=O)[O-])([N+](=O)[O-])[N+](=O)[O-]
1.2883,O=C1C=CC(=CC1=C1NC(C(N1)(C)C)(C)C)[N+](=O)[O-]
1.5252,O[C@H](c1ccc(cc1[N+](=O)[O-])[N+](=O)[O-])Nc1ncccn1
1.852,[O-][N+](=O)C1([N+](=O)[O-])[C@H]2C[C@H]3[C@H]([C@@H]1C[C@@H]([C@H]2O[N+](=O)[O-])C3([N+](=O)[O-])[N+](=O)[O-])O[N+](=O)[O-]
1.4045,[O-][N+](=O)c1cc(ccc1N/N=C/[C@H](c1ccccc1)C)[N+](=O)[O-]
1.7008,N#[N+]/N=C/1\N=C(C=[N+]1c1c(cc(cc1[N+](=O)[O-])[N+](=O)[O-])[N+](=O)[O-])[N+](=O)[O-]
1.4819,O=C(c1ccccc1O)Nc1cccc(c1)[N+](=O)[O-]
1.4842,[O-][N+](=O)c1cn(cn1)C
1.3698,CCOc1cc(/C=N/Nc2cccc(c2)[N+](=O)[O-])ccc1O
1.2601,CN(CCCNc1ccnc2c1cccc2[N+](=O)[O-])C
1.3635,[O-][N+](=O)c1ccccc1/C=N/N(c1ccccc1)c1ccccc1
1.4935,[O-][N+](=O)c1ccc(cc1)n1cccn1
1.5353,[O-][N+](=O)c1cccc2c1[nH]c(=O)c1c2cccc1
1.4116,N#CC1=NO[C@](C1(C)C)(C#N)[N+](=O)[O-]
1.4713,O=C(c1cc(cc(c1)[N+](=O)[O-])[N+](=O)[O-])O[C@]12CCC[C@@H](O2)CCC1
1.4863,O=[N+]1c2ccc(cc2[N-]OC21CCCCC2)[N+](=O)[O-]
1.3556,Oc1ccc(cc1/C=N/c1ccc(c(c1)C)C)[N+](=O)[O-]
1.454,[O-][N+](=O)c1ccc(cc1)c1ccc(cc1)[N+](=O)[O-]
1.3958,[O-][N+](=O)c1c(nc2n1cccc2C)c1ccccc1
1.3015,CC([C@@H]([N+](=O)[O-])Cc1ccccc1)([N+](=O)[O-])C
1.2957,Cc1cc(/N=C/c2cccc(c2)[N+](=O)[O-])ccc1C
1.4214,[O-][N+](=O)c1ccccc1OCCCCOc1ccccc1[N+](=O)[O-]
1.625,[O-][N+](=O)/N=c/1\cccc[nH]1
1.4498,[O-][N+](=O)N1CCc2c1cccc2
1.4735,CO[C@]1(C)C=CC(=O)[C@H]1OC(=O)c1cc(cc(c1)[N+](=O)[O-])[N+](=O)[O-]
1.3457,O=C1CC(C)(C)CC(=O)C1=CNc1ccc(cc1)[N+](=O)[O-]
1.3858,Nc1ccc(cc1Oc1ccccc1)[N+](=O)[O-]
1.8607,[O-][N+](=O)c1cc([N+](=O)[O-])c(c(c1N)[N+](=O)[O-])[N+](=O)[O-]
1.575,Cc1c(cc(cc1[N+](=O)[O-])n1ncnc1)[N+](=O)[O-]
1.4473,Cc1ccc(cc1c1nnn[nH]1)[N+](=O)[O-]
1.3338,C[C@H](Cn1c(C)ncc1[N+](=O)[O-])OC(=O)C
1.3275,[O-][N+](=O)c1ccc2c(c1)C[C@H]1N[C@]2(C)c2c1cccc2
1.4155,COc1cccc2n1cc(c2)c1ccc(cc1)[N+](=O)[O-]
1.4533,[O-][N+](=O)[C@]1(C)C=C(C)[C@]([C@](C1=O)(C)O)(C)[N+](=O)[O-]
1.3611,CCc1ccc(cc1N)[N+](=O)[O-]
1.5348,CN(c1c(cc(cc1[N+](=O)[O-])[N+](=O)[O-])[N+](=O)[O-])c1ccccc1
1.5266,[O-][N+](=O)c1c(C)cc[nH]c1=O
1.3026,CN1[C@@H]2CCCC[C@@H]2CO[C@H]1c1ccc(cc1)[N+](=O)[O-]
1.5046,Oc1ccccc1C(=O)c1cn(C)c(=O)c(c1)[N+](=O)[O-]
1.5667,[O-][N+](=O)c1cc([N+](=O)[O-])c(cc1n1cnnn1)C
1.405,Cc1nccn1c1ccc(cc1)[N+](=O)[O-]
1.4166,O=C(c1cccnc1)/C=C/c1ccc(cc1)[N+](=O)[O-]
1.3643,COc1ccc(cc1OC)/C=N/Nc1ccc(cc1)[N+](=O)[O-]
1.7417,CC([N+](=O)[O-])([N+](=O)[O-])CN([N+](=O)[O-])CC([N+](=O)[O-])([N+](=O)[O-])C
1.4868,CCOC(=O)C(=O)c1cnoc1c1ccc(cc1)[N+](=O)[O-]
1.319,COC(=O)/C(=C(\c1ccccc1)/Nc1ccccc1)/[N+](=O)[O-]
1.4513,O=C(c1ccncc1)c1ccc(cc1)[N+](=O)[O-]
1.4979,[O-][N+](=C1C=C[N+](=O)C(=C1)C)[O-]
1.608,[O-][N+](=O)c1cc(cc(c1N(C)C)[N+](=O)[O-])[N+](=O)[O-]
1.3001,ON1C(c2ccc(cc2)[N+](=O)[O-])N(C(C1(C)C)(C)C)O
1.3548,N#C/C(=C\c1ccccc1)/[N+](=O)[O-]
1.3566,O=C1CCCC(=C1)Nc1ccc(cc1)[N+](=O)[O-]
1.3695,N#CC([C@@]1(C[N+](=O)[O-])C(=O)Nc2c1cc(C)cc2)C#N
1.3718,Cc1ccc(cc1)/N=C/c1cc(ccc1O)[N+](=O)[O-]
1.4043,O=NN1[C@@H](CO[C@@H]1c1ccc(cc1)[N+](=O)[O-])Cc1ccccc1
1.7815,[O-][N+](=O)N1[C@H]2OCCO[C@H]2N=C1C([N+](=O)[O-])([N+](=O)[O-])[N+](=O)[O-]
1.3888,N#CC1=C(N)OC2=C([C@H]1c1ccc(cc1)[N+](=O)[O-])C(=O)CCC2
1.3833,CCOC(=O)c1[nH]c(c2c1[C@@H]1CC[C@H]2C=C1)[N+](=O)[O-]
1.9185,[O-][N+](=O)Nc1n[nH]nc1[N+](=O)[O-]
1.3622,CN(c1ccc(cc1)[N+](=O)[O-])C
1.4184,[O-][N+](=O)c1ccc(cc1)C1=NO[C@H]2[C@@H]1CCC2
1.5152,[O-][N+](=O)c1cccc(c1)N/N=N/c1cccc(c1)[N+](=O)[O-]
1.3064,Cc1cc(ccc1NCc1ccccc1)[N+](=O)[O-]
1.83,[O-][N+](=O)N1CN([C@H]2[C@@H]1[C@H]1[C@@H]2N(CN1[N+](=O)[O-])[N+](=O)[O-])[N+](=O)[O-]
1.4776,[O-][N+](=O)c1ccc(cc1)N/N=N/c1ccc(cc1)[N+](=O)[O-]
1.7911,[O-][N+](=O)N1CN(C[C@@H]2[C@H]1CN(CN2[N+](=O)[O-])[N+](=O)[O-])[N+](=O)[O-]
1.4407,O=C(Nc1cccc(c1)[N+](=O)[O-])CCC(=O)O
1.3914,[O-][N+](=O)c1ccc(cc1)OCCCCOc1ccc(cc1)[N+](=O)[O-]
1.4729,Oc1ccc(cc1)C(=O)N/N=C/c1cccc(c1)[N+](=O)[O-]
1.3722,CC(=O)/C(=N/Nc1ccc(cc1)[N+](=O)[O-])/C
1.3681,Cc1ncc(n1C)c1ccc(cc1)[N+](=O)[O-]
1.7138,[O-][N+](=O)/N=C(/n1nc(nc1N)N)\N
1.4095,CCOC(=O)[C@@]1(C#N)[C@@H](C1(C#N)C#N)c1ccc(cc1)[N+](=O)[O-]
1.3414,COc1ccc(cc1)/N=C/c1ccccc1[N+](=O)[O-]
1.5434,COc1c(cc(cc1[N+](=O)[O-])[N+](=O)[O-])n1nncc1
1.3527,[O-][N+](=O)c1ccc(cc1)c1c(C)[nH]c2c1cccc2
1.3789,COc1ccc(cc1)/N=N/c1cccc2c1c(ccc2)[N+](=O)[O-]
1.5701,CC(=NNc1c(cc(cc1[N+](=O)[O-])[N+](=O)[O-])[N+](=O)[O-])C
1.3953,O=C1NC=C([C@@H](N1C)N1CCCC1)[N+](=O)[O-]
1.5432,O=C1CN(C(=O)CN1c1ccccc1[N+](=O)[O-])c1ccccc1[N+](=O)[O-]
1.6547,O=C(c1cc(cc(c1)[N+](=O)[O-])[N+](=O)[O-])Nc1ccc(cc1)[N+](=O)[O-]
1.8874,[O-][N+](=O)c1c(C(=O)N)c([N+](=O)[O-])c(c(c1N)[N+](=O)[O-])N
1.6948,O=C1c2cc(cc(c2c2c1cc(cc2[N+](=O)[O-])[N+](=O)[O-])[N+](=O)[O-])[N+](=O)[O-]
1.3598,[O-][N+](=O)C[C@@H]([C@@H]([N+](=O)[O-])C)c1ccccc1
1.4663,[O-][N+](=O)c1ccc2c(c1)cn(n2)c1ccccc1
1.256,C[C@H]1C[C@H]2CCCCN2[C@H](O1)c1ccc(cc1)[N+](=O)[O-]
1.7377,[O-][N+](=O)[C@]12[C@@H]3[C@@H]4[C@H]1[C@@]1([C@H]2[C@]3([C@H]41)[N+](=O)[O-])[N+](=O)[O-]
1.5081,O/N=C/c1ccc(cc1)[N+](=O)[O-]
1.2301,[O-][N+](=O)c1cc([N+](=O)[O-])c(cc1C(C)(C)C)C(C)(C)C
1.4633,CC(=O)Nc1ccc(c(c1[N+](=O)[O-])C)[N+](=O)[O-]
1.2395,CCc1cccc(c1NC(=O)c1ccc(cc1)[N+](=O)[O-])CC
1.4636,CC/C=N/Nc1ccc(cc1[N+](=O)[O-])[N+](=O)[O-]
1.435,[O-][N+](=O)c1ccc(cc1)c1cc(=O)c2c([nH]1)cccc2
1.4765,O=C1O[C@H]2CCC[C@@H]2C(=O)N1c1ccc(cc1)[N+](=O)[O-]
1.5025,COc1ccc(cc1)N1C(=O)c2c(C1=O)cccc2[N+](=O)[O-]
1.4258,COC(=O)/C(=C(/[N+](=O)[O-])\C)/NC(=O)c1ccccc1
1.5129,CC(=O)O[C@H]1C[C@H]2C[C@@H]1C1=CC(=[N+]([O-])[O-])[N+](=O)C=C21
1.4125,[O-][N+](=O)c1cn(c(n1)C)c1ccccc1
1.4257,[O-][N+](=O)/C=C/1\NCCN1C[C@@H]1CCOCO1
1.3152,[O-][N+](=O)c1ccc(cc1)/C=N/c1ccccc1
1.4635,[O-][N+](=O)c1ccc(o1)c1ncncc1Nc1ccccc1
1.3672,[O-][N+](=O)c1ccc(cc1)/C=C/C1=NN(CC1)c1ccccc1
1.3565,NCCNc1ccc(cc1)[N+](=O)[O-]
1.8706,[O-][N+](=O)N1CC(CN(CC(C1)([N+](=O)[O-])[N+](=O)[O-])[N+](=O)[O-])([N+](=O)[O-])[N+](=O)[O-]
1.4198,O=C1N[C@@H](Nc2c1cccc2)c1ccccc1[N+](=O)[O-]
1.2714,[O-][N+](=O)c1ccc2c(c1)ncn2CCN1CCCCC1
1.5485,CC(=O)N1CC(C1)([N+](=O)[O-])[N+](=O)[O-]
1.6471,[O-][N+](=O)c1cc([N+](=O)[O-])c(c2c1cccc2)O
1.2974,CCCCCCc1nnn(c1)c1ccc(cc1)[N+](=O)[O-]
1.5749,O=C1N([N+](=O)[O-])[C@]2([C@@](N1[N+](=O)[O-])(C2)C)C
1.4839,O=C1C=CC=C/C/1=C/Nc1cc(ccc1O)[N+](=O)[O-]
1.5891,NC(=O)c1ccc(cc1)[N+](=O)[O-]
1.2814,CC1=NN([C@@H](C1)c1ccccc1)c1cccc(c1)[N+](=O)[O-]
1.4242,COc1cc2n(cnc2c(c1)[N+](=O)[O-])C(C)C
1.5651,[O-][N+](=O)C(=C1NCCCCN1)[N+](=O)[O-]
1.4163,O=C1ON([C@@H](N1c1ccccc1)c1ccccc1[N+](=O)[O-])C
1.3939,CN/C(=N\[N+](=O)[O-])/NC[C@H]1COCC1
1.609,[O-][N+](=O)OCc1onc(c1)c1noc(c1)CO[N+](=O)[O-]
1.6342,[O-][N+](=O)c1cc([N+](=O)[O-])c(c(c1C)[N+](=O)[O-])C
1.3714,Nc1ccc(cc1)c1ccc(cc1)[N+](=O)[O-]
1.5748,N#[N+][N-]CC(=NNc1ccc(cc1[N+](=O)[O-])[N+](=O)[O-])C[N-][N+]#N
1.2629,CC1(C)N=C([C@@H]2N1[C@H]2c1ccc(cc1)[N+](=O)[O-])c1ccccc1
1.4282,CCOC(=O)C1=CC[C@H]2[C@@H]1C(=O)N(C2=O)c1ccccc1[N+](=O)[O-]
1.4188,[O-][N+](=O)c1ccc(cc1)c1nccc(n1)c1ccccc1
1.2324,C[C@@H](C(C)(C)C)[C@@H]1ON=C(C1)c1ccc(cc1)[N+](=O)[O-]
1.3517,CCOC(=O)Nc1ccc(cc1)/C=C/c1ccc(cc1)[N+](=O)[O-]
1.476,CCOC(=O)c1nocc1C(=O)c1ccc(cc1)[N+](=O)[O-]
1.4488,[O-][N+](=O)C1=C/C(=C/NC[C@@H](CO)O)/C(=O)C=C1
1.5201,[O-]C(=O)c1cc(cc(c1)[N+](=O)[O-])c1cc[nH+]cc1
1.4776,COC(=O)/C=C\C(=O)Nc1ccc(cc1)[N+](=O)[O-]
1.4455,Cc1nn(c(c1)C)c1ccc(cc1[N+](=O)[O-])[N+](=O)[O-]
1.3008,Cc1ccc(c(c1)C)/N=C/c1ccccc1[N+](=O)[O-]
1.4942,CCC/C(=N\Nc1ccc(cc1[N+](=O)[O-])[N+](=O)[O-])/[N+](=O)[O-]
1.5581,CCOc1c(cc(cc1[N+](=O)[O-])[N+](=O)[O-])[N+](=O)[O-]
1.314,CCOC(=O)/C(=C(\N)/C)/[C@@H](c1cccc(c1)[N+](=O)[O-])C(C#N)C#N
1.8586,[O-][N+](=O)c1nc(n(n1)CO[N+](=O)[O-])c1nc(nn1CO[N+](=O)[O-])[N+](=O)[O-]
1.4327,COC(=O)[C@@]1(N=CN2[C@H]1CC[C@H]2C)c1ccc(cc1)[N+](=O)[O-]
1.4528,COc1ccc(c(c1)O)/C(=N/NC(=O)c1ccc(cc1)[N+](=O)[O-])/C
1.3859,COc1ccc(cc1)[C@H](OC(=O)c1cc(cc(c1)[N+](=O)[O-])[N+](=O)[O-])C
1.2796,CN1[C@@H]2CCCC[C@H]2O[C@@H]1c1ccc(cc1)[N+](=O)[O-]
1.4564,COC(=O)CNC(=O)c1ccc(c(c1)[N+](=O)[O-])OC
1.5762,CC(=O)N(c1c(cc(cc1[N+](=O)[O-])[N+](=O)[O-])[N+](=O)[O-])C
1.3304,[O-][N+](=O)c1ccc(cc1)CN1CCOCC1
1.5495,N#CC(=C1c2cc(ccc2c2c1cc(cc2)[N+](=O)[O-])[N+](=O)[O-])C#N
1.3199,CO[C@@H]1CC[C@@](CC1)(C#N)OC(=O)c1ccc(cc1)[N+](=O)[O-]
1.3025,[O-][N+](=O)C[C@@H]([C@@]1(N=C(C(=O)O1)C)c1ccccc1)c1ccccc1
1.3682,[O-][N+](=O)c1ccc(cc1)/C=N/Nc1ccccc1
1.5164,CC(=O)/C(=N/Nc1ccc(cc1[N+](=O)[O-])[N+](=O)[O-])/C
1.2953,CCCNc1ccc(cc1[N+](=O)[O-])C#N
1.828,[O-][N+](=O)C1([N+](=O)[O-])[C@@H]2[C@@H]3[C@@H]4[C@H]1[C@@H]1[C@H]2C([C@H]3[C@H]4C1([N+](=O)[O-])[N+](=O)[O-])([N+](=O)[O-])[N+](=O)[O-]
1.3985,Oc1ccc(cc1/C=N/c1ccccc1C)[N+](=O)[O-]
1.5512,O[C@H]1[C@H](OC[C@H]([C@@H]1O)O)Nc1ccc(cc1)[N+](=O)[O-]
1.3621,COc1ccc(cc1)/C=N/NC(=O)c1cccc(c1)[N+](=O)[O-]
1.6901,OC(=O)c1cc(cc(c1)[N+](=O)[O-])[N+](=O)[O-]
1.4201,O=C(N1CCC=C1)OCc1ccc(cc1)[N+](=O)[O-]
1.412,O=C(c1cccc(c1)[N+](=O)[O-])CCn1cncn1
1.3643,CC(=O)Nc1ccc(cc1)Oc1ccc(cc1)[N+](=O)[O-]
1.2991,[O-][N+](=O)c1ccc(cc1)/C=N/c1ccc(c(c1)C)C
1.5928,COC(=O)[C@]12[C@H]3[C@H]4[C@@]2([C@H]2[C@@H]1[C@@]3([C@@H]42)[N+](=O)[O-])[N+](=O)[O-]
1.8385,O=C1CN(C(=O)CN1[N+](=O)[O-])[N+](=O)[O-]
1.3082,[O-][N+](=O)c1ccc(cc1)/N=N/c1ccc(c(c1)C(=O)C)O
1.4105,Cc1cc(C)n(c(=O)n1)c1cccc(c1)[N+](=O)[O-]
1.4606,[O-][N+](=O)[C@]12C[C@@H]3[C@](C1)(C[C@H]2C3)[N+](=O)[O-]
1.6108,CCOc1nc(cc(c1O)[N+](=O)[O-])[N+](=O)[O-]
1.5623,O=C1Nc2c(C1=O)cc(cc2)[N+](=O)[O-]
1.5419,Cc1ccc(cc1Nc1nnn[nH]1)[N+](=O)[O-]
1.4393,COC(=O)C(C(=O)OC)Nc1ccc(cc1)[N+](=O)[O-]
1.7799,[O-][N+](=O)c1cc(cc2=[N+]3[N+](=C(C=N3)[N+](=O)[O-])N=c12)[N+](=O)[O-]
1.4702,[O-][N+](=O)c1ccc2c(c1)nc(oc2=O)c1ccccc1
1.4497,OCCn1c(C)ncc1[N+](=O)[O-]
1.4463,[O-][N+](=O)c1c(=O)oc2c(c1Nc1ccccc1)cccc2
1.3887,O=C1CCCC(=C1)Nc1cccc(c1)[N+](=O)[O-]
1.698,OCC([N+](=O)[O-])([N+](=O)[O-])CO
1.3896,N#CN([N+](=O)[O-])Cc1ccccc1
1.5897,[O-][N+](=O)c1cc(ccc1N/N=C(/c1ccccc1)\[N+](=O)[O-])[N+](=O)[O-]
1.2595,CN(/C(=N/c1ccc(cc1)[N+](=O)[O-])/C)C
1.3325,COc1c(cc(cc1[N+](=O)[O-])C(C)(C)C)[N+](=O)[O-]
1.6804,[O-][N+](=O)N1CN2CN(C1)CN(C2)[N+](=O)[O-]
1.5826,O=C(c1ccc(cc1)[N+](=O)[O-])[N-][N+]#N
1.8553,[O-][N+](=O)c1cc2[nH]c(=O)c(=O)[nH]c2cc1[N+](=O)[O-]
1.1358,[O-][N+](=O)c1ccc(cc1)NCNc1ccc(cc1)[N+](=O)[O-]
1.5426,Cc1ccc(cc1)C(=O)Oc1c(cc(cc1[N+](=O)[O-])[N+](=O)[O-])[N+](=O)[O-]
1.4736,O=C(c1cnoc1C)N/N=C/c1cccc(c1)[N+](=O)[O-]
1.314,CCOC(=O)C1=N[C@H](O[C@@H]1c1ccc(cc1)[N+](=O)[O-])C(C)C
1.3168,CCOC(=O)[C@H](/C(=C\c1ccc(cc1)N(C)C)/[N+](=O)[O-])O
1.8272,[O-][N+](=O)c1nn(c2c1n(CO[N+](=O)[O-])nc2[N+](=O)[O-])CO[N+](=O)[O-]
1.3634,CN([N+](=O)[O-])C
1.688,[O-][N+](=O)N1CCN(C1)[N+](=O)[O-]
1.3724,O=C1C=CC(=C/C/1=C/NCCN1CCOCC1)[N+](=O)[O-]
1.3316,Oc1ccccc1/N=C/C=C/c1ccccc1[N+](=O)[O-]
1.2874,C[C@@H]1[C@@H]([C@@]1([N+](=O)[O-])[C@]1([N+](=O)[O-])[C@H]([C@H]1C)C)C
1.5357,N#[N+][N-]C(=O)c1ccccc1[N+](=O)[O-]
1.6349,[O-][N+](=O)N1CCN(CC1)[N+](=O)[O-]
1.3137,CCc1cc(nn1c1ccc(cc1)[N+](=O)[O-])c1ccccc1
1.4314,CCOC(=O)c1c(C)[nH]c(c1O)c1ccc(cc1)[N+](=O)[O-]
1.4773,O=C(c1cc(cc(c1)[N+](=O)[O-])[N+](=O)[O-])O[C@@H]1[C@@H]2[C@@H]3C=C[C@@H]4[C@H]1[C@H]2C[C@H]34
1.524,[O-][N+](=O)OC[C@]12[C@H]3[C@H]4[C@@H]2[C@H]2[C@@H]1[C@@H]3[C@@]42CO[N+](=O)[O-]
1.4871,COC(=O)C1(NC(=O)c2c1c1ccccc1c(c2)[N+](=O)[O-])C(=O)OC
1.4189,[O-][N+](=O)[C@H]1[C@@](C)(C=C(C(=O)[C@]1(C)[N+](=O)[O-])C(C)(C)C)[N+](=O)[O-]
1.4378,[O-][N+](=O)c1nccn1C[C@@H](COC)O
1.4047,[O-][N+](=O)c1ccc(cc1)COc1cccc2c1nccc2
1.7949,[O-][N+](=O)C(=C1N[C@@H]2[C@H](N1)OCCO2)[N+](=O)[O-]
1.4634,[O-][N+](=O)c1ccc(cc1)N/C=N/c1ccc(cc1)[N+](=O)[O-]
1.6719,CC(=O)N1CN(CN(C1)[N+](=O)[O-])[N+](=O)[O-]
1.5194,[O-][N+](=O)c1c[nH]c(n1)C
1.9526,O=C1O[C@@H]2[C@H](O1)N(CN2[N+](=O)[O-])[N+](=O)[O-]
1.5121,[O-][N+](=O)c1cc([N+](=O)[O-])c(cc1n1cncn1)C
1.4599,[O-][N+](=O)C(=C(c1ccccc1)c1ccc(cc1)[N+](=O)[O-])[N+](=O)[O-]
1.3663,CC(=O)Nc1cc(ccc1N(C)C)[N+](=O)[O-]
1.3989,N#Cc1c(=O)[nH]c(c(c1c1cccc(c1)[N+](=O)[O-])C)C
1.4346,N#CC1=C(C#N)[C@@](C)([N+](=O)[O-])C(C(=O)[C@]1(C)[N+](=O)[O-])(C)C
1.215,CCCCNc1ccc(cc1)[N+](=O)[O-]
1.543,[O-][N+](=O)O[C@H]1C[C@H]2[C@H]([C@@H]1c1c2cccc1)O[N+](=O)[O-]
1.5115,[O-][N+](=O)c1cc(cc(c1Nn1c2ccccc2c2c1cccc2)[N+](=O)[O-])[N+](=O)[O-]
1.3192,CN(c1ccccc1)[N+](=O)[O-]
1.4631,O=C(c1ccccc1O)Nc1ccc(cc1)[N+](=O)[O-]
1.3547,[O-][N+](=O)c1ccccc1C(=O)N1c2ccccc2C([C@H]1O)(C)C
1.3604,Cc1ccc(cc1)c1onc(c1)CN1CCN/C/1=N\[N+](=O)[O-]
1.5034,COc1ncc(c2c1[nH]cc2)OC(=O)c1ccc(cc1)[N+](=O)[O-]
1.888,[O-][N+](=O)C1=C(N)[N+](=O)C(=[NH2+])C(=C1)[N+](=O)[O-]
1.5279,O=C(c1cc(cc(c1)[N+](=O)[O-])[N+](=O)[O-])N1CC=CC1
1.385,Cc1ccc(o1)/C=N/c1cccc(c1)[N+](=O)[O-]
1.5033,[O-][N+](=O)c1ccc(cc1)N/N=C/c1ccccc1[N+](=O)[O-]
1.4235,O=C1OC2(CCCCC2)OC(=O)C1=CNc1ccccc1[N+](=O)[O-]
1.4998,[O-][N+](=O)C(CCc1nnn[nH]1)(CCc1nnn[nH]1)CCc1nnn[nH]1
1.5026,[O-][N+](=O)C1=C(C)[C@@](C)([N+](=O)[O-])C(=O)[C@@]([C@@]1(C)[N+](=O)[O-])(C)O
1.277,Cc1ccc(cc1)/N=C/c1cccc(c1)[N+](=O)[O-]
1.3181,CN(c1ccc(cc1)/N=C/c1ccc(cc1)[N+](=O)[O-])C
1.3495,CO[C@H](c1ccc(cc1)[N+](=O)[O-])Nc1ccccn1
1.7247,[O-][N+](=O)C1CN(CN(C1)[N+](=O)[O-])[N+](=O)[O-]
1.4567,[O-][N+](=O)c1cn[nH]c1C
1.479,COC(=O)c1cc(=O)n2c(c1[N+](=O)[O-])N(C)CC2
1.5116,[O-][N+](=O)c1ccnc2c1[nH]cn2
1.5895,[O-][N+](=O)c1cc(ccc1NN1C(=O)c2c(C1=O)cccc2)[N+](=O)[O-]
1.3749,CCOC(=O)C1=C(C)OC(=C([C@@H]1c1cccc(c1)[N+](=O)[O-])C#N)N
1.4155,[O-][N+](=O)c1ccc2c(c1)NCCC2
1.232,OCC1(CN(C1)C(C)(C)C)[N+](=O)[O-]
1.4773,O=C(c1ccc(cc1)[N+](=O)[O-])Nc1cccc2c1nccc2
1.5662,Cc1nn(c(c1)C)c1nnc(nn1)Nc1c(cc(cc1[N+](=O)[O-])[N+](=O)[O-])[N+](=O)[O-]
1.4025,Cn1cnc(c1NCc1ccccc1)[N+](=O)[O-]
1.2782,[O-][N+](=O)c1cccc(c1)n1nc(cc1N)C(C)(C)C
1.9868,[O-][N+](=O)N1[C@@H]2O[C@H]3O[C@@H]2N([C@H]2[C@@H]1O[C@@H]3O2)[N+](=O)[O-]
1.3595,N#Cc1c2cccnc2ccc1C([N+](=O)[O-])(C)C
1.806,[O-][N+](=O)N1CN(CN(C1)[N+](=O)[O-])[N+](=O)[O-]
1.4877,[O-][N+](=O)c1nn(cn1)CC#C
1.7564,CC(=O)O[C@@H]1N([N+](=O)[O-])[C@H]2[C@@H](N1[N+](=O)[O-])N(CCN2[N+](=O)[O-])[N+](=O)[O-]
1.2889,COC(=O)/C(=C(\c1ccccc1)/N1CCCCC1)/[N+](=O)[O-]
1.7244,[O-][N+](=O)c1cc(ccc1N1CC(C1)([N+](=O)[O-])[N+](=O)[O-])[N+](=O)[O-]
1.4311,[O-][N+](=O)c1nn(C)c(=O)c2c1N(CCCO2)Cc1ccccc1
1.7858,[O-][N+](=O)c1cc(cc(c1C(=O)O)[N+](=O)[O-])[N+](=O)[O-]
1.5933,[O-][N+](=O)O[C@@H]1[C@H](O[N+](=O)[O-])c2c1cccc2
1.4862,O=NC1(COC(OC1)(C)C)[N+](=O)[O-]
1.6418,O=C1NC(=O)N(C1)/N=C/c1ccc(o1)[N+](=O)[O-]
1.5929,O=C1N([N+](=O)[O-])[C@]2([C@](N1[N+](=O)[O-])(C)CC2)C
1.5268,[O-][N+](=O)c1c[nH]nc1C
1.2503,N#CC([C@]1(C)C(=C1C)C)(c1ccc(cc1)[N+](=O)[O-])C#N
1.7149,[O-][N+](=O)c1ccc2c3c1[nH]c(=O)[nH]c3c(cc2)[N+](=O)[O-]
1.4263,Oc1ccccc1/C=N/c1cccc(c1)[N+](=O)[O-]
1.3787,O[C@@H](c1ccccc1[N+](=O)[O-])Nn1c(C)nnc1C
1.311,CC[NH+](Cc1cc(ccc1[O-])[N+](=O)[O-])CC
1.9001,[O-][N+](=O)c1[nH]nc(c1N)[N+](=O)[O-]
1.4219,COc1ccc(c(c1)O)/C=N/NC(=O)c1cccc(c1)[N+](=O)[O-]
1.4726,O=C1C[C@H](N1c1ccc(cc1[N+](=O)[O-])[N+](=O)[O-])c1ccccc1
1.5477,Cc1c(cccc1[N+](=O)[O-])[N+](=O)[O-]
1.343,N#C/C(=N/O[C@@](c1ccccc1)([N+](=O)[O-])C#N)/c1ccccc1
1.5644,OC[C@H]1O[C@@H]([C@H]([C@@H]1O)O)n1ccnc1[N+](=O)[O-]
1.9896,[O-][N+](=O)/N=c/1\[nH]nc(o1)c1n[nH]/c(=N\[N+](=O)[O-])/o1
1.5398,[O-][N+](=O)c1cc(ccc1n1cccn1)[N+](=O)[O-]
1.2791,N#C[C@]1([N+](=O)[O-])[C@H]2C=C[C@@H]([C@@H]1c1ccccc1)C2
1.6053,[O-][N+](=O)[C@]12C[C@]3(C[C@@](C2)(C[C@@](C1)(C3)[N+](=O)[O-])[N+](=O)[O-])[N+](=O)[O-]
1.8027,[O-][N+](=O)c1c[nH]c(=O)c(c1)[N+](=O)[O-]
1.5068,[O-][N+](=O)c1cc(ccc1N/N=C/c1ccccn1)[N+](=O)[O-]
1.447,[O-][N+](=O)c1ccccc1c1ccccc1[N+](=O)[O-]
1.4794,CC(N(C(=O)c1cc(cc(c1)[N+](=O)[O-])[N+](=O)[O-])O)C
1.524,CC(=O)Nc1ccc(c(c1[N+](=O)[O-])[N+](=O)[O-])NC(=O)C
1.4608,[O-][N+](=O)c1ccc(cc1)NN=C1c2cccnc2c2c1cccn2
1.2852,[O-][N+](=O)c1ccc(cc1)NN=C1CCCC1
1.4907,Oc1ccc(cc1)/C(=N/Nc1ccc(cc1[N+](=O)[O-])[N+](=O)[O-])/C
1.3819,OCCCc1c[nH]c2c1cc(cc2)[N+](=O)[O-]
1.5932,COC(=O)c1cc(cc(c1)[N+](=O)[O-])[N+](=O)[O-]
1.8177,O[C@H](C([N+](=O)[O-])[N+](=O)[O-])[C@H](C([N+](=O)[O-])[N+](=O)[O-])O
1.379,Cc1ccc(c(c1)[N+](=O)[O-])N
1.4858,COC(=O)Nc1ccc(cc1[N+](=O)[O-])OC
1.6681,[O-][N+](=O)n1ccc(n1)n1cnnn1
1.6617,[O-][N+](=O)OC1CN(C1)[N+](=O)[O-]
1.5256,O=C(c1cccc(c1)[N+](=O)[O-])c1cccc(c1)[N+](=O)[O-]
1.5124,COCOc1ccc(cc1[N+](=O)[O-])[N+](=O)[O-]
1.5496,Cc1cccc(c1)C(=O)Oc1c(cc(cc1[N+](=O)[O-])[N+](=O)[O-])[N+](=O)[O-]
1.5091,COC(=O)c1cc(NC(=O)c2ccc(cc2)[N+](=O)[O-])c(cc1O)O
1.2861,CN1CCC(=C/C/1=N\c1ccc(cc1)[N+](=O)[O-])c1ccccc1
1.4255,COc1ccccc1N/C=C\1/C=C(C=CC1=O)[N+](=O)[O-]
1.4074,COC(=O)Cc1oc2c(c1N1CCOCC1)cc(cc2)[N+](=O)[O-]
1.5661,[O-][N+](=O)c1cccnc1c1ncccc1[N+](=O)[O-]
1.4115,[O-][N+](=O)c1ccc(c2c1non2)N1CCCCCCC1
1.368,O=C(c1ccccc1N)/C=C/c1ccc(cc1)[N+](=O)[O-]
1.4235,O=C1CCCC(CCC1)OC(=O)c1cc(cc(c1)[N+](=O)[O-])[N+](=O)[O-]
1.7114,[O-][N+](=O)c1nn(c(c1[N+](=O)[O-])[N+](=O)[O-])C
1.6361,[O-][N+](=O)c1cc(cc(c1N)[N+](=O)[O-])C(=O)N
1.506,O=c1oc(nc2c1cccc2)c1ccccc1[N+](=O)[O-]
1.4044,[O-][N+](=O)c1cccc2c1c(cn2C)[C@@H]1[C@H]2C[C@H]3[C@@H]1[C@H]3O2
1.2421,[O-][N+](=O)c1ccc(nc1)NC1CCCCCCC1
1.4013,CC(=O)N1OCCc2c([C@H]1C)cc(cc2)[N+](=O)[O-]
1.3126,C[C@@H](c1ccccc1)Nc1ccc(cn1)[N+](=O)[O-]
1.7155,N#[N+][N-]CN([N+](=O)[O-])CN([N+](=O)[O-])CN([N+](=O)[O-])C[N-][N+]#N
1.8006,[O-][N+](=O)N1CCNC1=C([N+](=O)[O-])[N+](=O)[O-]
1.3978,Cn1cnc(c1/C=C/c1ccccc1)[N+](=O)[O-]
1.6999,[O-][N+](=O)O[C@@H]1CO[C@H]2[C@@H]1OC[C@@H]2O[N+](=O)[O-]
1.753,[O-][N+](=O)NC(CN[N+](=O)[O-])CN[N+](=O)[O-]
1.5228,Nc1cc([N+](=O)[O-])c(c(c1)[N+](=O)[O-])C
1.8398,[O-][N+](=O)O[C@]12C[C@H]3N([C@@H](C2)N([C@@H](C1)N3[N+](=O)[O-])[N+](=O)[O-])[N+](=O)[O-]
1.5291,COC(=O)c1cc(cc(c1C)[N+](=O)[O-])[N+](=O)[O-]
1.8612,O=C(NCC([N+](=O)[O-])([N+](=O)[O-])[N+](=O)[O-])NCC([N+](=O)[O-])([N+](=O)[O-])[N+](=O)[O-]
1.7427,[O-][N+](=O)c1cc(cc(c1Cc1c(cc(cc1[N+](=O)[O-])[N+](=O)[O-])[N+](=O)[O-])[N+](=O)[O-])[N+](=O)[O-]
1.5341,O=C1[C@](C)(O)[C@H]([N+](=O)[O-])C(=C[C@]1(O)c1ccccc1)[N+](=O)[O-]
1.3283,O=C(Cc1ccccc1)N/N=C/c1ccccc1[N+](=O)[O-]
1.3898,O=C1N2CC[C@H]2C[C@H]1[C@H](c1ccc(cc1)[N+](=O)[O-])O
1.4414,[O-][N+](=O)C[C@@H](C(=O)N1C(=O)O[C@@H]2[C@@]31CC[C@H](C3(C)C)C2)O
1.2638,N#CCC[C@]1(CCCCCCC1=O)[N+](=O)[O-]
1.5719,[O-][N+](=O)N1CCCN(C1)[N+](=O)[O-]
1.4503,C=C1C(=NO[C@@]1(O)c1ccc(cc1)[N+](=O)[O-])C
1.4163,CCCCOC(=O)c1cc(cc(c1)[N+](=O)[O-])[N+](=O)[O-]
1.3161,COc1ccc(cc1)/C=C/C=N/c1ccc(cc1)[N+](=O)[O-]
1.3133,COC1=CC(=O)N[C@@H]1[C@@H](c1ccccc1)C[N+](=O)[O-]
1.4363,N#Cc1ccc(cc1)Oc1ccc(cc1)[N+](=O)[O-]
1.4442,[O-][N+](=O)c1c(ccc(c1C)[N+](=O)[O-])N(C)C
1.3995,C/C(=N\Nc1ccc(cc1[N+](=O)[O-])[N+](=O)[O-])/Cc1ccccc1
1.3308,[O-][N+](=O)c1ccc(cc1)c1nn(c2c1c(N)ncn2)C(C)(C)C
1.8548,[O-][N+](=O)c1nn(c(n1)[N+](=O)[O-])N
1.5069,[O-][N+](=O)c1cc(ccc1N1CCC=N1)[N+](=O)[O-]
1.5497,OC[C@H]1O[C@@H](Nc2ccc(cc2)[N+](=O)[O-])[C@@H]([C@H]([C@H]1O)O)O
1.229,CC(N1CCCO[C@@H]1c1ccc(cc1)[N+](=O)[O-])C
1.4617,CCOC(=O)/C(=C/1\c2ccccc2N(C1=O)C)/[N+](=O)[O-]
1.3073,[O-][N+](=O)c1ccc(cc1)c1nnn(c1C)C(=C)c1ccccc1
1.3019,CCN([C@H]1CN=NN1c1ccc(cc1)[N+](=O)[O-])CC
1.4539,[O-][N+](=O)OCCOC(=O)c1cccnc1
1.275,CCc1ccc(nc1)C[C@@H](c1ccc(cc1)[N+](=O)[O-])O
1.507,O=C(c1cccc(c1)[N+](=O)[O-])N/N=C/c1cccc(c1)[N+](=O)[O-]
1.6563,O=C1NC(=O)N(C1)/N=C/c1ccc(o1)[N+](=O)[O-]
1.4086,OC[C@H](Cn1nnc(c1)CNc1cccc(c1)[N+](=O)[O-])O
1.4308,C/C=C/C=N/Nc1ccc(cc1[N+](=O)[O-])[N+](=O)[O-]
1.7288,[O-][N+](=O)C1([N+](=O)[O-])[C@@H]2[C@@H]3[C@@H]4[C@H]1[C@@H]1C([C@H]2[C@H](C3)[C@H]41)([N+](=O)[O-])[N+](=O)[O-]
1.4429,COc1cc(/C=N/Nc2ccc(cc2)[N+](=O)[O-])ccc1O
1.5255,COc1ccc2c(c1)[C@@H](C[N+](=O)[O-])C(=C(O2)NC)[N+](=O)[O-]
1.3471,CC(=O)N/N=C(/c1ccc(cc1)[N+](=O)[O-])\C
1.5402,[O-][N+](=O)c1ccc(cc1)n1nnnc1N
1.5649,Oc1ccc(cc1)C(=O)N/N=C/c1ccc(o1)[N+](=O)[O-]
1.6926,OC(=O)c1cccc(c1C(=O)N)[N+](=O)[O-]
1.5049,Oc1ccc(c(c1)O)/C=N/Nc1ccc(cc1)[N+](=O)[O-]
1.359,COc1cc([N+](=O)[O-])c(c(c1)[N+](=O)[O-])C(C)(C)C
1.6594,[O-][N+](=O)c1c(C)nc2n(c1=O)nc[nH]2
1.3627,[O-][N+](=O)C[C@H]1ON=C(C1)c1ccccc1
1.3636,CN1Cc2ccccc2N[C@H]1c1ccccc1[N+](=O)[O-]
1.4702,Oc1ccc(cc1)/N=N/c1ccccc1[N+](=O)[O-]
1.2972,O=Cc1cc(cc(c1[O-])C[N+](CC)(CC)CC)[N+](=O)[O-]
1.7451,[O-][N+](=O)c1cc(cc(c1/C=C/c1c(cc(cc1[N+](=O)[O-])[N+](=O)[O-])[N+](=O)[O-])[N+](=O)[O-])[N+](=O)[O-]
1.4506,COc1c(C(=O)N[C@H](C(=O)OC)C)c(OC)c(cc1[N+](=O)[O-])[N+](=O)[O-]
1.2983,N#C/C(=C\c1ccc(cc1)N(C)C)/c1ccc(cc1)[N+](=O)[O-]
1.4007,CC(=O)Cn1c(C)ncc1[N+](=O)[O-]
1.5584,Oc1ccc(cc1)/C=N/Nc1ccc(cc1[N+](=O)[O-])[N+](=O)[O-]
1.4032,[O-][N+](=O)C(=C(Nc1ccccc1)Nc1ccccc1)[N+](=O)[O-]
1.4271,COC(=O)c1cc(ncc1[N+](=O)[O-])Nc1ccccc1
1.3819,CN1N=NN(C(/C/1=N/c1ccc(cc1[N+](=O)[O-])[N+](=O)[O-])(C)C)C
1.5614,CCOC(=O)c1cc(cc(c1O)[N+](=O)[O-])[N+](=O)[O-]
1.4213,O/N=C/1\[C@@H](CCc2c1cccc2)[N+](=O)[O-]
1.6209,CC(=O)O[C@H]1N=C(N([C@@H]1OC(=O)C)[N+](=O)[O-])C([N+](=O)[O-])([N+](=O)[O-])[N+](=O)[O-]
1.4809,O=C(c1ccccc1O)N/N=C/c1ccc(c(c1)[N+](=O)[O-])O
1.7813,[O-][N+](=O)c1[nH]cnc1[N+](=O)[O-]
1.4803,[O-][N+](=O)c1cc(ccc1Oc1ccc2c(c1)cccc2)[N+](=O)[O-]
1.3888,C=CCN(C(=O)c1cc(cc(c1)[N+](=O)[O-])[N+](=O)[O-])CC=C
1.7706,O=C1OCOc2c1cc(cc2[N+](=O)[O-])[N+](=O)[O-]
1.4541,O/N=C(/c1ccc(cc1)[N+](=O)[O-])\N
1.4379,CC(=O)Nc1ccccc1[N+](=O)[O-]
1.594,[O-][N+](=O)N1[C@@H]2CCCC[C@H]2N=C1C([N+](=O)[O-])([N+](=O)[O-])[N+](=O)[O-]
1.3616,CC(/C=N/Nc1ccc(cc1[N+](=O)[O-])[N+](=O)[O-])C
1.5032,N#C/C(=C\c1cc2OCOc2cc1[N+](=O)[O-])/C(=O)OC
1.4563,Oc1ccc(cc1)NC(=O)c1ccccc1[N+](=O)[O-]
1.4017,O=C(c1ccc(cc1)[N+](=O)[O-])/N=C\1/OC[C@@H](N1)c1ccccc1
1.5297,[O-][N+](=O)c1cc(cc(c1N1CCCCC1)[N+](=O)[O-])[N+](=O)[O-]
1.59,[O-][N+](=O)c1cccc2c1c(ccc2)[N+](=O)[O-]
1.4342,COC(=O)C1=C(C)NC(=O)[C@H]([C@@H]1c1ccc(cc1)[N+](=O)[O-])C(=O)N
1.3764,[O-][N+](=O)c1c([N+](=O)[O-])c(C)c(c(c1C)C)C
1.4413,CN1NC(C)(C)n2c(C1=O)c(nc2)[N+](=O)[O-]
1.2799,CN1[C@H]2CCCC[C@H]2O[C@H]1c1ccc(cc1)[N+](=O)[O-]
1.7986,[O-][N+](=O)c1cc(cc2c1[nH]c(=O)c(=O)[nH]2)[N+](=O)[O-]
1.3326,N#CC1(C#N)[C@@H]([C@H]1c1ccccc1)c1ccc(cc1)[N+](=O)[O-]
1.5166,COCOc1cc(cc(c1)[N+](=O)[O-])[N+](=O)[O-]
1.5239,Cc1ccc(c(c1)/C=N/Nc1ccc(cc1[N+](=O)[O-])[N+](=O)[O-])O
1.7583,[O-][N+](=O)Cn1cnc(n1)[N+](=O)[O-]
1.5924,COc1cc(n2cncn2)c(cc1[N+](=O)[O-])[N+](=O)[O-]
1.5251,CC1=NN(C(=O)C1)c1ccc(cc1[N+](=O)[O-])[N+](=O)[O-]
1.3563,CCC(=NNc1ccc(cc1[N+](=O)[O-])[N+](=O)[O-])CC
1.3708,[O-][N+](=O)c1ccc(cc1)N/N=C/1\C[C@@H]2[C@H]1C[C@H]1[C@@H]2O1
1.4612,[O-][N+](=O)c1ccccc1Nc1nnc(o1)c1ccccc1
1.4898,O=C(c1ccccn1)N/N=C/c1ccccc1[N+](=O)[O-]
1.4091,COC(=O)/C(=C/C(=O)OC)/Nc1ccccc1[N+](=O)[O-]
1.3877,[O-][N+](=O)c1ccc(cc1)/N=N/C1(C)C(=O)c2c(C1=O)cccc2
1.6078,[O-][N+](=O)/N=c/1\ccccn1O
1.311,Cc1ccc(cc1)/N=C/c1ccc(cc1)[N+](=O)[O-]
1.3596,Nc1ccc(cc1NCc1ccccc1)[N+](=O)[O-]
1.3026,N#Cc1ccc(c(c1)[N+](=O)[O-])NC(C)C
1.6742,[O-][N+](=O)N1CCNC1=O
1.2542,[O-][N+](=O)c1cccc(c1)/N=C\1/C(=O)[C@@]2(C([C@H]1CC2)(C)C)C
1.3878,CN(/N=N/c1ccc(cc1)[N+](=O)[O-])C
1.4105,C=CCn1ncc2c1cc(cc2)[N+](=O)[O-]
1.4555,CC(=NNc1ccc(cc1[N+](=O)[O-])[N+](=O)[O-])C
1.5178,COc1cccc(c1)/C(=N/Nc1c(cc(cc1[N+](=O)[O-])[N+](=O)[O-])[N+](=O)[O-])/C
1.3278,[O-][N+](=O)c1ccc(cc1)NN=C(c1ccccc1)c1ccccc1
1.4787,COc1cccc(c1OCCOc1ccc(cc1[N+](=O)[O-])[N+](=O)[O-])C=O
1.3909,Oc1ccc2c(c1Nc1ccc(cc1)[N+](=O)[O-])cccc2
1.489,CO[C@@]12[C@@H]3O[C@@H]3CN1c1c(C2=O)cc(cc1)[N+](=O)[O-]
1.3818,[O-][N+](=O)/C(=C\C1=[N+]([O-])O[C@@H](C1)c1ccccc1)/c1ccccc1
1.4565,[O-][N+](=O)c1cc(ccc1N/N=C(/c1ccccc1)\C)[N+](=O)[O-]
1.2887,C=CCn1c(/C=C/C=C/N(C)C)nc2c1cc(cc2)[N+](=O)[O-]
1.3136,CCCCn1c2ccccc2c2c1ccc(c2)[N+](=O)[O-]
1.4405,NC(=C([N+](=O)[O-])[N+](=O)[O-])N1N=C(C[C@@]1(C)O)C
1.4166,C/C(=N\N=C(\c1ccc(cc1)[N+](=O)[O-])/C)/c1ccc(cc1)[N+](=O)[O-]
1.3987,COCCn1cnc2c1cc(cc2)[N+](=O)[O-]
1.6405,O=[N+]([N+](=O)CC[N+](=O)[O-])CC[N+](=O)[O-]
1.5983,CC(=O)O[C@H]1N([N+](=O)[O-])c2ccccc2C(=O)N1[N+](=O)[O-]
1.7694,[O-][N+](=O)c1c[nH]nc1n1cnnn1
1.6155,[O-][N+](=O)c1cc(ccc1[N+](=O)[O-])n1cncn1
1.3509,CC(=O)N(c1ccccc1c1ccccc1[N+](=O)[O-])C(=O)C
1.3663,[O-][N+](=O)/C(=C/c1ccccc1)/C1=[N+]([O-])O[C@@H](C1)c1ccccc1
1.5284,[O-][N+](=O)c1onc2c1CCCC2=O
1.4376,O=C(c1cccc(c1)[N+](=O)[O-])Nc1cccc2c1nccc2
1.3479,CN(c1cccc(c1)OCCOc1ccc(cc1)[N+](=O)[O-])C
1.5008,COc1ccc(cc1)/C(=N\Nc1ccc(cc1[N+](=O)[O-])[N+](=O)[O-])/[N+](=O)[O-]
1.3208,[O-][N+](=O)c1ccc2c(c1)N[C@@H](C(=N2)c1ccccc1)c1ccccc1
1.4406,[O-][N+](=O)c1ccccc1C(=O)N
1.3615,CCn1c2ccc(cc2c2c1cccc2)[N+](=O)[O-]
1.41,COc1cccc(c1O)/C=N/c1cccc(c1)[N+](=O)[O-]
1.2691,CCCNc1ccc(cc1)[N+](=O)[O-]
1.7956,[O-][N+](=O)c1cc(cc(c1/N=N/c1c(cc(cc1[N+](=O)[O-])[N+](=O)[O-])[N+](=O)[O-])[N+](=O)[O-])[N+](=O)[O-]
1.406,CC/C(=N\Nc1ccc(cc1[N+](=O)[O-])[N+](=O)[O-])/c1ccccc1
1.4505,[O-][N+](=O)C1=CC=C(C=CC=C1)[N+](=O)[O-]
1.4511,COC(=O)c1ccc(c(c1)[N+](=O)[O-])NC
1.4065,CC[C@@]1(CCC(=O)NC1=O)c1cccc(c1)[N+](=O)[O-]
1.4591,COc1cc(cc(c1O)/C=N/NC(=O)c1cccc(c1O)C)[N+](=O)[O-]
1.7465,[O-][N+](=O)/N=C/1\NCCN1[N+](=O)[O-]
1.7492,O=C(C(=O)N1CC(C1)([N+](=O)[O-])[N+](=O)[O-])N1CC(C1)([N+](=O)[O-])[N+](=O)[O-]
1.4034,CNC(=O)OCCn1c(C)ncc1[N+](=O)[O-]
1.5764,COc1c(cccc1[N+](=O)[O-])[N+](=O)[O-]
1.5314,O=c1ccc2c(cc1)c(nn2c1ccc(cc1[N+](=O)[O-])[N+](=O)[O-])C
1.5749,[O-][N+](=O)c1ccc(c(c1)O)N
1.5038,O=C1C=CC=C/C/1=C/Nc1ccc(cc1O)[N+](=O)[O-]
1.3874,CC(CNc1ccc(cc1[N+](=O)[O-])[N+](=O)[O-])C
1.295,CC(=O)Nc1c(C)cc(cc1[N+](=O)[O-])C
1.3914,CC/[NH+]=C\1/[N+](=O)C=CC(=C1C)[N+](=O)[O-]
1.3928,CCOC(=O)c1ccn2c(c1c1ccc(cc1)[N+](=O)[O-])ncc2
1.4033,OC1CCN(CC1)c1ccc(cc1)[N+](=O)[O-]
1.5223,COC(=O)/C=C/c1cc(cc(c1)[N+](=O)[O-])[N+](=O)[O-]
1.5223,[O-][N+](=O)c1ccc2c3c1cccc3c(=O)n(c2=O)c1ccccc1
1.6494,[O-][N+](=O)c1cccc2c1[nH]nc2O
1.5206,COc1ccc(cc1[N+](=O)[O-])/C=C(\c1ccc(cc1[N+](=O)[O-])[N+](=O)[O-])/[N+](=O)[O-]
1.2624,Cc1ccc(cc1)/N=C(/c1ccc(cc1)[N+](=O)[O-])\c1ccccc1
1.5047,OC[C@H]1O[C@H](C[C@@H]1[N+](=O)[O-])n1cc(C)c(=O)[nH]c1=O
1.8321,[O-][N+](=O)OCc1onc(n1)c1noc(n1)CO[N+](=O)[O-]
1.3143,CN(/C=C/C(=O)c1ccccc1[N+](=O)[O-])C
1.4957,Nc1cc(ccc1c1ccc(cc1)[N+](=O)[O-])[N+](=O)[O-]
1.4394,Oc1ccc(cc1/C=N/c1ccc(cc1)Nc1ccccc1)[N+](=O)[O-]
1.3586,O=C1NCCCC/C/1=N\OCc1ccc(cc1)[N+](=O)[O-]
1.4391,O=C(c1ccc(cc1)[N+](=O)[O-])Nc1ccccc1
1.687,COc1ccc(c(c1c1c(OC)c(cc(c1[N+](=O)[O-])[N+](=O)[O-])[N+](=O)[O-])[N+](=O)[O-])[N+](=O)[O-]
1.4146,[O-][N+](=O)c1cn(c(n1)C)CC(=O)OCC
1.6941,COc1c([N+](=O)[O-])c(OC)c(c(c1[N+](=O)[O-])O)[N+](=O)[O-]
1.2645,CC/C(=N/Nc1ccc(cc1)[N+](=O)[O-])/C
1.6504,OC[C@H]1O[C@H]([C@@H]([C@H]([C@@H]1O)O)O)n1cncc1[N+](=O)[O-]
1.4752,OC[C@@H]([C@@H]1NC(=O)c2c1cccc2)[N+](=O)[O-]
1.7951,N#[N+]/N=C/1\N=[NH+]/C(=N\[N+](=O)[O-])/N1
1.7375,[O-][N+](=O)c1cc(cc(c1C(=O)N)[N+](=O)[O-])[N+](=O)[O-]
1.3143,CC[C@@H]([C@H]1NC(=C(N([C@@H]1OC)CC)C#N)C#N)[N+](=O)[O-]
1.4187,C/C(=C\C=C(\[N+](=O)[O-])/C)/[N+](=O)[O-]
1.6646,O=C1c2cc(ccc2c2c1cc(cc2[N+](=O)[O-])[N+](=O)[O-])[N+](=O)[O-]
1.3578,O=C[C@@H]1CC[C@H](N(O1)c1ccccc1)[C@H]([N+](=O)[O-])C
1.3838,Cc1ccc(c(c1)/C=N/c1ccc(cc1)[N+](=O)[O-])O
1.4445,CCOC(=O)/C(=C(/O)\C)/c1ccc(cc1[N+](=O)[O-])[N+](=O)[O-]
1.467,COC(=O)/C(=N\Nc1ccc(cc1)[N+](=O)[O-])/C
1.4462,O=C1N[C@@H](Nc2c1cccc2)c1ccc(cc1)[N+](=O)[O-]
1.6734,[O-][N+](=O)c1cc(ccc1C(=O)O)[N+](=O)[O-]
1.5382,O=C(c1cc(O)cc(c1)O)N/N=C/c1ccc(cc1)[N+](=O)[O-]
1.5465,[O-][N+](=O)c1cc(cc(c1Nc1cccc2c1cccc2)[N+](=O)[O-])[N+](=O)[O-]
1.4709,CC(C[C@H](C(=O)O)NC(=O)c1cc(cc(c1)[N+](=O)[O-])[N+](=O)[O-])C
1.5271,COc1ccc(cc1)N1C(=O)c2c(C1=O)cc(cc2)[N+](=O)[O-]
1.3065,CN(c1nc(ccc1[N+](=O)[O-])Nc1ccccc1)c1ccccc1
1.383,[O-][N+](=O)/N=C/1\NCCN1Cc1cccc(c1OC)OC
1.6478,COc1cc(n2cnnn2)c(cc1[N+](=O)[O-])[N+](=O)[O-]
1.3689,CCO[C@@H](n1ncc2c1cccc2[N+](=O)[O-])C
1.447,OC[C@H]1O[C@H](C[C@@H]1O)n1ccc2c1ccc(c2)[N+](=O)[O-]
1.441,O=NN1CC(C1)(CC)O[N+](=O)[O-]
1.3707,N#CC1=C(C)N/C(=C\[N+](=O)[O-])/C(=O)C1(C)C
1.5823,[O-][N+](=O)c1cc(ccc1N/N=C/c1ccccc1O)[N+](=O)[O-]
1.4121,O=C1C=CN2[C@@H]([C@H]1C)C=Cc1c2cccc1[N+](=O)[O-]
1.3591,[O-][N+](=O)c1ccc2c(c1)c1[nH]c3c(c1CC2)cccc3
1.2929,[O-][N+](=O)c1ccc(cc1)CCNc1ccccc1
1.7817,OC(=O)c1nnn(c1)CC([N+](=O)[O-])([N+](=O)[O-])Cn1nnc(c1)C(=O)O
1.4634,N#CC(=Cc1ccc(o1)c1cccc(c1)[N+](=O)[O-])C#N
1.3702,Nc1ccc(cc1)/N=C/c1cccc(c1)[N+](=O)[O-]
1.4736,O=C(c1ccc(cc1)[N+](=O)[O-])c1ccc(cc1)[N+](=O)[O-]
1.2836,CC([N+](=O)[O-])(CC([N+](=O)[O-])(C)C)C
1.3745,CC1=C(C(=O)C)[C@H](C(=C(N1)C)C(=O)C)c1ccc(o1)[N+](=O)[O-]
1.4955,[O-][N+](=O)C1=C(C)[C@](C)([N+](=O)[O-])C(=O)[C@@]([C@@]1(C)[N+](=O)[O-])(C)O
1.3125,N#CC(=C(c1ccc(cc1)OC)/C=C/c1ccccc1[N+](=O)[O-])C#N
1.3577,N#CCCN([N+](=O)[O-])CCC#N
1.3661,CNc1ccc(c2c1c(ccc2)N(C)C)[N+](=O)[O-]
1.3456,C/C=N/Nc1ccc(cc1)[N+](=O)[O-]
1.5013,[O-][N+](=O)[C@@]1(C)C=C(C)[C@]([C@@](C1=O)(C)[N+](=O)[O-])(C)[N+](=O)[O-]
1.8614,[O-][N+](=O)N1CN([C@H]2[C@@H]1N(CN2[N+](=O)[O-])[N+](=O)[O-])[N+](=O)[O-]
1.4534,[O-][N+](=O)c1ccccc1c1nnc2c(c1)C(=O)c1c2cccc1
1.5853,[O-][N+](=O)n1cccn1
1.501,COC(=O)Nc1ccc(cc1)[N+](=O)[O-]
1.434,C/C(=N\NC(=O)c1ccccc1O)/c1ccc(cc1)[N+](=O)[O-]
1.4601,N#CC(=Cc1ccc(cc1)[N+](=O)[O-])C#N
1.538,CC(=O)CN1[C@H]2N/C(=N\[N+](=O)[O-])/N([C@H]2N/C/1=N\[N+](=O)[O-])CC(=O)C
1.4814,[O-][N+](=O)c1cc([N+](=O)[O-])c2c(c1N1CCCC1)cccc2
1.4345,N#CC([C@@H]1C(=C(NC)Oc2c1cccc2)[N+](=O)[O-])C#N
1.7963,COC(=O)[C@H]1ON2O[C@H]1c1cc(cc(c1C2([N+](=O)[O-])[N+](=O)[O-])[N+](=O)[O-])[N+](=O)[O-]
1.5555,Cc1nc2cc(ccc2c(=O)o1)[N+](=O)[O-]
1.3919,CC(=O)NCCNc1ccc(cc1)[N+](=O)[O-]
1.3692,COC(=O)C1=C(C)N[C@H](C(=C1)[N+](=O)[O-])c1ccccc1
1.6,[O-][N+](=O)N1[C@@H]2CCCC[C@@H]2N=C1C([N+](=O)[O-])([N+](=O)[O-])[N+](=O)[O-]
1.435,Oc1ccc(cc1)/C=N/NC(=O)c1cccc(c1)[N+](=O)[O-]
1.6049,CO[C@@H]1N([N+](=O)[O-])[C@H](OC)N([C@H](N1[N+](=O)[O-])OC)[N+](=O)[O-]
1.3482,NC(=O)[C@H](c1ccccc1)/N=C/c1ccc(cc1)[N+](=O)[O-]
1.4447,COc1c([N+](=O)[O-])c(cc(c1OC(=O)C)C)/C=C(/[N+](=O)[O-])\C
1.4079,CC(=O)c1cc(c2ccc(cc2)[N+](=O)[O-])c(=O)n(n1)c1ccccc1
1.4606,[O-][N+](=O)c1ccccc1N
1.341,Nc1ccc(cc1)OCCCOc1ccc(cc1)[N+](=O)[O-]
1.4711,C[N+](=O)/C=C/1\C=CC(=[N+]([O-])[O-])C=C1
1.4231,[O-][N+](=O)c1cccc2c1[nH]cc2c1ccccc1
1.6822,[O-][N+](=O)c1ccc2c(c1)cnn2[N+](=O)[O-]
1.4993,[O-][n+]1cc(C)c(c(c1)C)[N+](=O)[O-]
1.5556,[O-][N+](=O)/C=C/C=C/[N+](=O)[O-]
1.4308,OC(=O)c1ccccc1Nc1ccccc1[N+](=O)[O-]
1.7418,[O-][N+](=O)Nc1nnc2n(n1)cnn2
1.5487,Nc1ccc(cc1)C(=O)N/N=C/c1ccccc1[N+](=O)[O-]
1.376,[O-][N+](=O)c1ccc(cc1)N/N=C/c1ccc[nH]1
1.5318,CNc1ccc(cc1C(=O)O)[N+](=O)[O-]
1.7059,Oc1c(cccc1[N+](=O)[O-])[N+](=O)[O-]
1.2988,COc1ccc(cc1)/C(=N/N=C(/c1ccc(cc1)[N+](=O)[O-])\C)/C
1.4415,COc1cccc(c1c1c(OC)cccc1[N+](=O)[O-])[N+](=O)[O-]
1.3317,CCCCCNc1ccc(cc1[N+](=O)[O-])[N+](=O)[O-]
1.5121,[O-][N+](=O)c1cc(ccc1/N=N/C([N+](=O)[O-])(C)C)[N+](=O)[O-]
1.3138,N#Cc1cn2c(c1c1ccccc1[N+](=O)[O-])c1ccccc1CC2
1.2796,CC(n1nccc1c1ccc(cc1)[N+](=O)[O-])(C)C
1.3596,N#C/C=C(\c1ccccc1)/Oc1ccc(cc1)[N+](=O)[O-]
1.5295,COc1ccc2c(c1[N+](=O)[O-])c([N+](=O)[O-])c(cc2)OC
1.4525,[O-][N+](=O)c1ccccc1N/N=C/c1ccco1
1.4037,O=C1C[C@@H](C(=O)N1C)c1ccccc1[N+](=O)[O-]
1.3913,COc1ccc(cc1)/N=N/c1ccccc1[N+](=O)[O-]
1.3179,CN(c1ccc(cc1)Nc1ccc(cn1)[N+](=O)[O-])C
1.3526,[O-][N+](=O)c1ccc(cc1)/C=N/c1cccc2c1cccc2
1.2369,Cc1ccc(cc1)/C(=C\[N+](=O)[O-])/N1CCCCC1
1.3183,[O-][N+](=O)c1ccc(cc1)[C@@H]1OC[C@H]2[C@@H](N1)CCCC2
1.7503,[O-][N+](=O)C1=CNc2n([C@@H]1O)nnn2
1.291,Cc1ccc(c(c1)C)/N=C/c1cccc(c1)[N+](=O)[O-]
1.3856,CN1C(=O)C(C(=O)N(C1=O)C)[C@H](c1ccccc1)C[N+](=O)[O-]
1.6245,NC(=O)OCc1ncc(n1C)[N+](=O)[O-]
1.5448,[O-][N+](=O)c1ccc(cc1)Cc1nnn[nH]1
1.2234,Cc1cccc(c1/N=C/c1ccc(cc1)[N+](=O)[O-])C
1.6374,[O-][N+](=O)c1n(C)cnc1[N+](=O)[O-]
1.488,Cc1nn2c(n1)n(nc2c1ccc(cc1)[N+](=O)[O-])C(=O)C
1.3974,COc1ccc(c(c1)[N+](=O)[O-])NN=C1C(=O)CC(CC1=O)(C)C
1.3773,[O-][N+](=O)c1ccccc1[C@H]1NCc2c(N1)cccc2
1.6547,[O-][N+](=O)c1cc([N+](=O)[O-])c(c(c1)[N+](=O)[O-])C
1.7858,[O-][N+](=O)OCc1c(CO[N+](=O)[O-])onc1c1noc(c1CO[N+](=O)[O-])CO[N+](=O)[O-]
1.5956,CC(=O)N1CN([C@H]2[C@@H]1N(CN2[N+](=O)[O-])[N+](=O)[O-])C(=O)C
1.5622,COC(=O)c1cc(=O)c2c([nH]1)c(ccc2)[N+](=O)[O-]
1.2394,CC[C@H]([C@H]1NC(=C(N([C@@H]1OC)CC)C#N)C#N)[N+](=O)[O-]
1.4272,O=C1COc2c(N1Cc1ccccc1)cc(cc2)[N+](=O)[O-]
1.4754,[O-][N+](=O)OCCNC(=O)c1ccccn1
1.5611,O=C(Nc1cccc(c1)[N+](=O)[O-])/C=C\C(=O)O
1.3497,Nc1ccc(cc1NCc1ccccn1)[N+](=O)[O-]
1.4142,Oc1ccccc1/N=C/c1ccc(cc1)[N+](=O)[O-]
1.4429,[O-][N+](=O)c1ccc2c(c1)nc([nH]2)C
1.4464,O=C(c1ccncc1)N/N=C/c1cccc(c1)[N+](=O)[O-]
1.43,O=C(c1ccncc1)N/N=C/c1ccccc1[N+](=O)[O-]
1.4362,[O-][N+](=O)c1ccc2n(c1)cc(c2)c1ccccc1
1.563,[O-][N+](=O)c1ccc(cc1)NN1C(=O)c2c(C1=O)cccc2
1.3975,CCn1ncc2c1cccc2[N+](=O)[O-]
1.4874,CCOC(=O)c1oc2c(c1N1C(=O)CCC1=O)cc(cc2)[N+](=O)[O-]
1.6819,[O-][N+](=O)c1cc(ccc1C(=O)O)[N+](=O)[O-]
1.8193,[O-][N+](=O)c1ncn(n1)/N=N/n1cnc(n1)[N+](=O)[O-]
1.3279,[O-][N+](=O)c1ccc2c(c1)n(nc2)C(=O)C(C)(C)C
1.6079,[O-][N+](=O)c1ccc(=O)[nH]c1
1.7602,[O-][N+](=O)C(CO[N+](=O)[O-])CO[N+](=O)[O-]
1.5043,[O-][N+](=O)c1nn(cn1)C=C
1.6288,COC(=O)[C@@H]([C@H](C(=O)OC)O)Oc1c(cc(cc1[N+](=O)[O-])[N+](=O)[O-])[N+](=O)[O-]
1.3826,O/N=C(\n1nc(cc1N)C)/c1cccc(c1)[N+](=O)[O-]
1.239,[O-][N+](=O)c1ccc(cc1)/N=C\1/C(=O)[C@@]2(C([C@H]1CC2)(C)C)C
1.5682,Oc1nn(c(c1)C)c1ccc(cc1[N+](=O)[O-])[N+](=O)[O-]
1.4338,Oc1ccccc1/C=N/c1ccc(cc1)[N+](=O)[O-]
1.3714,COC(=O)c1n(c2ccc(cc2)[N+](=O)[O-])c(c2c1cccc2)C
1.2997,[O-][N+](=O)c1ccc(cc1)/C=N/c1cccc(c1C)C
1.4783,CC1=C[C@@](C)([N+](=O)[O-])[C@]([C@](C1=O)(C)[N+](=O)[O-])(C)[N+](=O)[O-]
1.2823,CO[C@@H]1[C@@H](O[N+](=O)[O-])c2c(N1C(=O)OC(C)(C)C)cccc2
1.3741,Cc1cccn2c1c([N+](=O)[O-])c(c2)C
1.8192,Nc1c([N+](=O)[O-])c(N)nc(c1[N+](=O)[O-])N
1.584,ONC(=O)c1ccc(cc1)[N+](=O)[O-]
1.4945,O=c1nc(N(c2ccc(cc2)[N+](=O)[O-])C)n(c(=O)n1C)C
1.4112,N#CC1=C(N)OC(=C([C@@H]1c1cccc(c1)[N+](=O)[O-])C(=O)C)C
1.4492,ON1C(=O)c2cc(ccc2CC1(C)C)[N+](=O)[O-]
1.4739,COc1n(C)cnc1[N+](=O)[O-]
1.4038,[O-][N+](=O)c1ccccc1/C=N/CC/N=C/c1ccccc1[N+](=O)[O-]
1.4421,Cn1c2ccccc2c2c1n1nc(c(c1cc2)[N+](=O)[O-])C
1.7508,CNC(=C([N+](=O)[O-])[N+](=O)[O-])N
1.5524,[O-][N+](=O)C1=C(C)[C@@](C)([N+](=O)[O-])C(=O)[C@@]([C@]1(C)[N+](=O)[O-])(C)[N+](=O)[O-]
1.4969,[O-][N+](=O)C1=C(C)[C@]([C@]([C@@]1(C)[N+](=O)[O-])(O)C(=O)C)(C)O
1.3023,[O-][N+](=O)c1ccc2c(c1)nc1n2C(=CC(C1)(C)C)C
1.3737,CCOc1ccccc1N/N=N/c1cccc(c1)[N+](=O)[O-]
1.4029,O=C1CC(C)(C)CC(=O)C1=NNc1cccc(c1)[N+](=O)[O-]
1.5803,C[C@@H]1N([N+](=O)[O-])[C@H](C)N([C@@H](N1[N+](=O)[O-])C)[N+](=O)[O-]
1.3796,[O-][N+](=O)c1ccc(cc1)/C=C/n1c2ccccc2c2c1cccc2
1.5409,COc1ccc(cc1)Nc1c(cc(cc1[N+](=O)[O-])[N+](=O)[O-])[N+](=O)[O-]
1.3505,[O-][N+](=O)C(=C(c1ccccc1)c1ccccc1)[N+](=O)[O-]
1.4747,OCCN1CCN/C/1=C\[N+](=O)[O-]
1.4125,Cc1cc2c(cc1C)nc1n2CCn2c1c(cc2)[N+](=O)[O-]
1.503,CC1=C(C)C[C@H]2[C@](C1)([N+](=O)[O-])[C@H](O)NC1=C2[N+](=O)O[N-]1
1.4167,O=C1Nc2n[nH]c(c2[C@@H](C1)c1ccc(cc1)[N+](=O)[O-])C
1.2873,COC(=O)[C@@H]1C(=O)C=C(N[C@H]1c1cccc(c1)[N+](=O)[O-])C
1.6547,COc1c(cc(cc1[N+](=O)[O-])[N+](=O)[O-])n1cnnn1
1.8716,[O-][N+](=O)c1c(N)[nH]nc1[N+](=O)[O-]
1.3503,COc1ccc(c(c1)[C@@]1(C)CCN(C1=O)C)[N+](=O)[O-]
1.4886,[O-][N+](=O)c1ccccc1/C=C/1\Nc2c(C1=O)cccc2
1.425,O=C(c1ccccc1O)Nc1ccc(cc1)[N+](=O)[O-]
1.4735,COc1ccc(c(c1)[C@H]1O[C@@H]1c1cc(OC)ccc1[N+](=O)[O-])[N+](=O)[O-]
1.485,OC(COc1ccccc1[N+](=O)[O-])COc1ccccc1[N+](=O)[O-]
1.6078,CC(=O)Nc1ccc(cc1[N+](=O)[O-])c1[nH]nnn1
1.3151,O=C(c1ccc(cc1)C(C)(C)C)Nc1ccc(cc1)[N+](=O)[O-]
1.6876,[O-][N+](=O)c1cc(C(=O)O)c(cc1C(=O)O)N
1.5357,[O-][N+](=O)c1cnccc1c1ccncc1[N+](=O)[O-]
1.4394,C[C@@H](Cn1c(C)ncc1[N+](=O)[O-])OC(=O)c1ccccc1C(=O)O
1.4212,[O-][N+](=O)c1c(C)cc2n1cccc2
1.4028,O=[N+]1C=C(C=C/C/1=[NH+]\C(=O)NC(C)(C)C)[N+](=O)[O-]
1.7801,N/C(=C(/C(=O)N)\[N+](=O)[O-])/O
1.3605,O=C(N(c1ccccc1)OC(=O)C)c1ccc(cc1)[N+](=O)[O-]
1.6171,[O-][N+](=O)c1cc(C(=O)C)c(c(c1)[N+](=O)[O-])O
1.4071,[O-][N+](=O)c1ccccc1N/N=C/c1ccccc1
1.4639,[O-][N+](=O)c1ccc2c(c1)nc(o2)c1ccccc1
1.6222,[O-][N+](=O)C1CN(C1)[N+](=O)[O-]
1.5376,CNC(=O)c1cc(cc(c1)[N+](=O)[O-])[N+](=O)[O-]
1.7161,O=C1NC(=O)c2c1cc(cc2)[N+](=O)[O-]
1.4414,O=C(c1ccncc1)N/N=C/c1ccc(cc1)[N+](=O)[O-]
1.892,[O-][N+](=O)N1CN([N+](=O)[O-])c2c(N(C1)[N+](=O)[O-])non2
1.4073,C[n+]1nc([N-]c2ccccc2[N+](=O)[O-])c2c(n1)cccc2
1.7871,[O-][N+](=O)Nc1c(cc(cc1[N+](=O)[O-])n1cnnn1)[N+](=O)[O-]
1.3669,CCOC(=O)c1ccc(c(c1)[N+](=O)[O-])NCC
1.4265,CC(=O)NN(C(=O)c1ccccc1O)c1ccc(cc1)[N+](=O)[O-]
1.4266,Cc1ccc(cc1N(c1nnn[nH]1)C)[N+](=O)[O-]
1.4023,N#Cc1c(nc(n1c1ccccc1)C)[N+](=O)[O-]
1.5537,[O-][N+](=O)c1ccnc(c1)c1nccc(c1)[N+](=O)[O-]
1.2686,CN(CC[NH2+]Cc1cc(ccc1[O-])[N+](=O)[O-])C
1.7022,OC(=O)CN(c1ccc(cc1[N+](=O)[O-])[N+](=O)[O-])[N+](=O)[O-]
1.3291,O/N=C(/C(=N/N=C/c1cccc(c1)[N+](=O)[O-])/C)\C
1.408,CC/[NH+]=C/1\C=C([N+](=O)[O-])C(=C[N+]1=O)C
1.5283,[O-][N+](=O)N=C1NCCN1
1.4497,C/C(=C/1\N=C(OC1=O)c1ccccc1)/NC(=O)c1cccc(c1)[N+](=O)[O-]
1.421,Cc1ccc(c(c1[N+](=O)[O-])[N+](=O)[O-])C
1.4524,[O-][N+](=O)C1=CC=C2C(=NC3([N+]2=O)CCCCC3)C1=[NH2+]
1.4943,[O-][N+](=O)c1cccc(c1)N(c1nnn[nH]1)C
1.3507,[O-][N+](=O)c1ccc(cc1)n1ccnc1c1ccccc1
1.5004,O=C1c2ccccc2C(=O)N1c1ccccc1[N+](=O)[O-]
1.5609,O/N=C/1\CCCC1([N+](=O)[O-])[N+](=O)[O-]
1.3009,Oc1cccc2c1[C@H](Nc1c2cccc1)c1cccc(c1)[N+](=O)[O-]
1.4625,COc1cc2CCN[C@@H](c2c(c1OC)[N+](=O)[O-])O
1.6566,OC1CN(CN(C1)[N+](=O)[O-])[N+](=O)[O-]
1.3961,COc1ccc(cc1)C(=C([N+](=O)[O-])[N+](=O)[O-])c1ccc(cc1)OC
1.4226,N#C/C(=C\c1cccc(c1)[N+](=O)[O-])/C(=O)NCc1ccco1
1.4311,[O-][N+](=O)c1c(onc1c1ccccc1)c1ccccc1
1.5604,[O-][N+](=O)C1=[N+](C)C=N/C/1=C\[N+]#N
1.3067,CN/C(=C(/c1ccccc1)\[N+](=O)[O-])/c1ccccc1
1.3338,[O-][N+](=O)c1ccc(cc1)CNc1ccccc1
1.49,O=C(Oc1ccc(cc1)[N+](=O)[O-])CCC(=O)Oc1ccc(cc1)[N+](=O)[O-]
1.433,CC(=O)c1cccc(c1)n1nc2c(c1[N+](=O)[O-])cccc2
1.4249,CC(=O)Nc1cccc(c1)[N+](=O)[O-]
1.5052,O=C1CCC(=O)N1C(=O)c1ccc(cc1)[N+](=O)[O-]
1.271,[O-][N+](=O)/C(=C/c1c(c2ccccc2)n(c2c1cccc2)C)/C
1.2832,N#C/C(=C\C=C\c1ccc(cc1)[N+](=O)[O-])/N(c1ccccc1)C
1.2998,CC(=NNc1ccccc1[N+](=O)[O-])C
1.3563,COc1ccc(cc1)C(=O)N(c1ccc(cc1)[N+](=O)[O-])C
1.4744,OC[C@H]1O[C@H](C[C@@H]1O)n1nnc(c1)c1ccc(cc1)[N+](=O)[O-]
1.6643,[O-][N+](=O)c1cc(C(=O)C)c(c(c1O)[N+](=O)[O-])O
1.3935,O=C1CCC(=C1)Nc1ccc(cc1)[N+](=O)[O-]
1.3606,[O-][N+](=O)c1ccccc1/C=N/Nc1ccccc1
1.6545,[O-][N+](=O)c1cncc(c1)[N+](=O)[O-]
1.5922,[O-][N+](=O)CC(=O)N
1.3818,CCc1nn(c(n1)N)c1ccccc1[N+](=O)[O-]
1.572,[O-][N+](=O)c1ccc(o1)/C=N/n1cncn1
1.4093,CCOC(=O)C1=C(C)NC(=O)/C/1=C\c1ccc(cc1)[N+](=O)[O-]
1.3388,CC(Nc1ccc(cc1NC(=O)C)[N+](=O)[O-])C
1.4725,O=c1n(C)c(=Nc2ccc(cc2)[N+](=O)[O-])n(c(=O)n1C)C
1.2704,C[C@H]1[C@](C)(CC[C@@]1(C)C#N)OC(=O)c1ccc(cc1)[N+](=O)[O-]
1.4108,Cc1c([N+](=O)[O-])c(C)cc(c1[N+](=O)[O-])C
1.79,[O-][N+](=O)c1[nH]cc(n1)[N+](=O)[O-]
1.5788,[O-][N+](=O)c1cc[nH]n1
1.3921,C/C(=N\Nc1ccc(cc1[N+](=O)[O-])[N+](=O)[O-])/C=C/c1ccccc1
1.4143,COC(CN1CCN/C/1=C\[N+](=O)[O-])OC
1.3541,CCc1nc2ccccc2cc1[N+](=O)[O-]
1.3509,CCOC(=O)/C(=C\[N+](=O)[O-])/c1cn(c2c1cccc2)C
1.6016,CCOC(=O)Nc1c(cc(cc1[N+](=O)[O-])[N+](=O)[O-])[N+](=O)[O-]
1.5958,CC(=O)Nc1c(O)cc(cc1[N+](=O)[O-])C(=O)O
1.7559,[O-][N+](=O)c1cc(cc(c1n1nnc2c1c(cc(c2)[N+](=O)[O-])[N+](=O)[O-])[N+](=O)[O-])[N+](=O)[O-]
1.8019,[O-][N+](=O)c1cc([N+](=O)[O-])c(c(c1)[N+](=O)[O-])n1cnc(c1[N+](=O)[O-])[N+](=O)[O-]
1.312,[O-][N+](=O)/C=C/c1c(c2ccccc2)n(c2c1cccc2)C
1.4426,[O-][N+](=O)c1ccc(cc1)C#CC#Cc1ccc(cc1)[N+](=O)[O-]
1.7925,[O-][N+](=O)OCn1c(=O)n(c2c1nc1nonc1n2)CO[N+](=O)[O-]
1.7324,O=C(N1CC(C1)([N+](=O)[O-])[N+](=O)[O-])N1CC(C1)([N+](=O)[O-])[N+](=O)[O-]
1.8303,[O-][N+](=O)n1cnc(n1)/N=N/c1ncn(n1)[N+](=O)[O-]
1.7225,[O-][N+](=O)C1(CCC(CC1)([N+](=O)[O-])[N+](=O)[O-])[N+](=O)[O-]
1.6041,Nc1ccc(c(c1)C(=O)O)[N+](=O)[O-]
1.5086,[O-][N+](=O)c1ccc(cc1)Nc1ccc(cn1)[N+](=O)[O-]
1.4869,[O-][N+](=O)c1ccc(cc1)N/N=C/c1ccc(c(c1)O)O
1.4543,CCOC(=O)c1n[nH]c2c1ccc(c2)[N+](=O)[O-]
1.4641,[O-][N+](=O)c1cc(ccc1N/N=C/c1ccccc1)[N+](=O)[O-]
1.2186,CN(/C(=N\c1ccc(cc1)[N+](=O)[O-])/C(C)(C)C)C
1.2181,CCCCCNc1ccc(cc1)[N+](=O)[O-]
1.5164,[O-][N+](=O)c1ccc2c(c1)ccc(=O)[nH]2
1.9691,[O-][N+](=O)N1CCN([C@@H]2[C@H]1N([N+](=O)[O-])C(=O)N2[N+](=O)[O-])[N+](=O)[O-]
1.8204,NNC(=C([N+](=O)[O-])[N+](=O)[O-])N
1.478,COC(=O)c1cnc(nc1C)c1ccc(cc1)[N+](=O)[O-]
1.3212,[O-][N+](=O)c1ccccc1/C=N/c1ccccc1
1.3014,CN(c1ccc(cc1)/N=N/c1ccc(c(c1)[N+](=O)[O-])C)C
1.4021,O=Cc1ccc(c2c1ccc(c2)[N+](=O)[O-])N(C)C
1.4502,O/N=C/c1cccc(c1)[N+](=O)[O-]
1.4033,[O-][N+](=O)c1cc(/C=N/c2ccccc2)ccc1O
1.3486,[O-][N+](=O)c1ccc(c(c1N)C)C
1.2769,Cc1ccccc1/N=C/C=C/c1ccccc1[N+](=O)[O-]
1.4823,Oc1ccc(cc1C(=O)Nc1ccccc1)[N+](=O)[O-]
1.4563,CCOC(=O)c1noc(c1)CO[N+](=O)[O-]
1.8905,[O-][N+](=O)c1c(N)c([N+](=O)[O-])c(c(c1N)[N+](=O)[O-])O
1.3662,CCOC(=O)/C(=C/c1cc(ccc1N1CCCC1)[N+](=O)[O-])/C#N
1.2189,N#CC(=C(C[C@H](c1ccccc1)C[N+](=O)[O-])C)C#N
1.8189,[O-][N+](=O)c1n[nH]c(n1)N
1.8042,[O-][N+](=O)Nn1cc(nc1[N+](=O)[O-])[N+](=O)[O-]
1.3089,CC(N(c1ccc(cc1[N+](=O)[O-])[N+](=O)[O-])C(C)C)C
1.8412,O=C1c2c(cc(c(c2C(=O)c2c1c(cc(c2O)[N+](=O)[O-])[N+](=O)[O-])O)[N+](=O)[O-])[N+](=O)[O-]
1.4698,[O-][N+](=O)c1cc2c(cc1)ncn2C
1.3822,[O-][N+](=O)c1ccc2n(c1)c(cn2)c1ccccc1
1.8871,Oc1c([N+](=O)[O-])c(O)c(c(c1[N+](=O)[O-])O)[N+](=O)[O-]
1.2473,[O-][N+](=O)c1ccc2c(c1)C(C)(C)NC2(C)C
1.2719,C[C@@H]([C@@H](c1ccccc1)CC#N)OC(=O)c1ccc(cc1)[N+](=O)[O-]
1.3181,[O-][N+](=O)c1ccc(cc1)N(c1ccccc1)c1ccccc1
1.571,COc1ccc(c(c1)O)/C=N/c1cc([N+](=O)[O-])c(cc1N)[N+](=O)[O-]
