smiles,Td
ON1N=NC([N+]([O-])=O)=N1,120
O=[N+]([O-])c1cn(CN(Cn2cc([N+](=O)[O-])nc2[N+](=O)[O-])[N+](=O)[O-])c([N+](=O)[O-])n1,257
O=[N+](NC1=NC(C([N+]([O-])=O)([N+]([O-])=O)[N+]([O-])=O)=NN1)[O-],125
CN([N+]([O-])=O)CN1N=NC(N([N+]([O-])=O)CN([N+]([O-])=O)C)=N1,123.5
O=[N+](C1=C(C2=NN=C(C[N+]([O-])=O)O2)C([N+]([O-])=O)=CC([N+]([O-])=O)=C1)[O-],243.2
O=[N+](C([N+]([O-])=O)([N+]([O-])=O)C1=NC(C([N+]([O-])=O)([N+]([O-])=O)[N+]([O-])=O)=CC=C1)[O-],101
O=[N+](C(C([N+]([O-])=O)=C1)=NN1CC2=NN=C(CN3N=C([N+]([O-])=O)C([N+]([O-])=O)=C3)N2/N=N/N4C(CN5N=C([N+]([O-])=O)C([N+]([O-])=O)=C5)=NN=C4CN6N=C([N+]([O-])=O)C([N+]([O-])=O)=C6)[O-],162
NC1=NNC(C2=NN=C(C[N+]([O-])=O)O2)=N1,249.6
O=[N+](C1=C(C(C(N(C([N+]([O-])=O)([N+]([O-])=O)[N+]([O-])=O)N=C2[N+]([O-])=O)=C2[N+]([O-])=O)=NN1)[N+]([O-])=O)[O-],150
O=[N+]([O-])C(=C1N[C@@H]2OCCO[C@H]2N1)[N+](=O)[O-],191.73
O=[N+](C([N+]([O-])=O)([N+]([O-])=O)CNC1=NN=NN1CCCN2N=NN=C2NCC([N+]([O-])=O)([N+]([O-])=O)[N+]([O-])=O)[O-],143
O=[N+]([O-])c1no[n+]([O-])c1-c1noc(/N=N/c2nc(-c3c([N+](=O)[O-])no[n+]3[O-])no2)n1,180
O=[N+](C1=CC([N+]([O-])=O)=CC([N+]([O-])=O)=C1NC2=NNC=N2)[O-],228
[NH2+]=C1OC([C-]([N+]([O-])=O)[N+]([O-])=O)=NN1,137.7
OC(C1O[N+]([O-])=O)C(C(C(O)C1[N+]([O-])=O)O[N+]([O-])=O)[N+]([O-])=O,160
Cc1c([N+](=O)[O-])cc([N+](=O)[O-])cc1[N+](=O)[O-],295
O=[N+](N(CN([N+]([O-])=O)C1=NON=C1C#N)C2=NON=C2C#N)[O-],132
[O-][N+]1=C([N+]([O-])=O)C2=NON=C2N1,175
N#[N+]C1=C([N+]([O-])=O)C(C2=N[N-]C([N+]#N)=C2[N+]([O-])=O)=N[N-]1,150
O=[N+](OCC(CO[N+]([O-])=O)(COCC(CO[N+]([O-])=O)(CO[N+]([O-])=O)CO[N+]([O-])=O)CO[N+]([O-])=O)[O-],191.15
OC(CCN([N+]([O-])=O)C(C(N([N+]([O-])=O)CCC(O)=O)=O)=O)=O,188
O=[N+](C([N+]([O-])=O)([N+]([O-])=O)CNC1=NN=NN1)[O-],150
O=[N+](C1=NNC(N2N=CC([N+]([O-])=O)=C2[N+]([O-])=O)=N1)[O-],330
Nc1nnc(N[N+](=O)[O-])nn1,164
O=[N+](OCC1=NN([N+]([O-])=O)C(CO[N+]([O-])=O)=N1)[O-],135
O=[N+](C1=C(C(N(CCC2)N=C3[N+]([O-])=O)=C3[N+]([O-])=O)N2N=C1[N+]([O-])=O)[O-],280
NC1=NN=C(C2=NN=C(N)N2N[N+]([O-])=O)N1N[N+]([O-])=O,259
O=[N+]([O-])c1cc([N+](=O)[O-])c(-n2ccnc2)c([N+](=O)[O-])c1,216
N/C(N1C(C)(O)CC(C)=N1)=C([N+]([O-])=O)/[N+]([O-])=O,163.2
OC1=C([N+]([O-])=O)C=C([N+]([O-])=O)N=C1[N+]([O-])=O,231.4
OC1=C([N+]([O-])=O)NN=C1[N+]([O-])=O,172
NC1=C([N+]([O-])=O)C2=NN=NN2N=C1N=[N+]=[N-],162
N/C(NNC(N)=O)=C([N+]([O-])=O)\[N+]([O-])=O,170
[O-]N1C2=C(N)C([N+]([O-])=O)=CC([N+]([O-])=O)=C2[NH+]=N1,220
[O-]C1=C(C(N)=C(C=C1[N+]#N)[N+]([O-])=O)[N+]([O-])=O,169.9
O=[N+](C1=NN2C(NC3=C([N+]([O-])=O)C([N+]([O-])=O)=NN3CCC2)=C1[N+]([O-])=O)[O-],276
O=C(N[N+]([O-])=O)OCC(COC(N[N+]([O-])=O)=O)(COC(N[N+]([O-])=O)=O)COC(N[N+]([O-])=O)=O,196
O=[N+]([O-])Nc1n[nH]c(Cc2nonc2/N=N\c2nonc2Cc2nc(N[N+](=O)[O-])n[nH]2)n1,196.3
O=C(OCC)N(C1=NON=C1N([N+]([O-])=O)C(OCC)=O)[N+]([O-])=O,124
O=[N+]([O-])c1cc([N+](=O)[O-])c2cc1Oc1cc(c([N+](=O)[O-])cc1[N+](=O)[O-])Oc1cc(c([N+](=O)[O-])cc1[N+](=O)[O-])Oc1cc(c([N+](=O)[O-])cc1[N+](=O)[O-])O2,375.5
O=[N+](C(CNN1N=NN=C1)([N+]([O-])=O)[N+]([O-])=O)[O-],116
O=[N+]([O-])c1no[n+]([O-])c1/N=N\c1c([N+](=O)[O-])no[n+]1[O-],160.3
O=[N+](C1=NNC(C2=NNN=N2)=N1)[O-],211
NC1=NN(C2=NN=NN2)C(N)=C1[N+]([O-])=O,272
O=[N+](NC1=NON=C1C2=NNC(C3=NC(C4=NON=C4N[N+]([O-])=O)=NN3)=N2)[O-],112
O=C(N1)ON=C1C2=NON=C2N[N+]([O-])=O,127
O=[N+](N(CN(C1=NON=C1C2=NN=NN2)[N+]([O-])=O)C3=NON=C3C4=NN=NN4)[O-],149
O=[N+](NC1=C([N+]([O-])=O)C([N+]([O-])=O)=NN1CCN2N=C([N+]([O-])=O)C([N+]([O-])=O)=C2N[N+]([O-])=O)[O-],80
O=[N+](C([N+]([O-])=O)([N+]([O-])=O)CNC1=NN=NN1CCN(CCN2N=NN=C2NCC([N+]([O-])=O)([N+]([O-])=O)[N+]([O-])=O)CCN3C(NCC([N+]([O-])=O)([N+]([O-])=O)[N+]([O-])=O)=NN=N3)[O-],141
O=C(OC1(CC2(OC(N[N+]([O-])=O)=O)C3)CC(C2)(OC(N[N+]([O-])=O)=O)CC3(OC(N[N+]([O-])=O)=O)C1)N[N+]([O-])=O,180
[O-][N+]1=C(C2=[N+]([O-])ON=C2[N+]([O-])=O)C(C3=[N+]([O-])ON=C3[N+]([O-])=O)=NO1,146
CCC(CO[N+]([O-])=O)(CO[N+]([O-])=O)CO[N+]([O-])=O,177
O=[N+](C1=NNC(N=[N+]=[N-])=N1)[O-],174
O=[N+]([O-])/N=c1\[nH]nc(-c2n[nH]/c(=N\[N+](=O)[O-])n2N[N+](=O)[O-])n1N[N+](=O)[O-],137
Nc1c([N+](=O)[O-])nn(C[N+](=O)[O-])c1[N+](=O)[O-],186
O=[N+](/C([N+]([O-])=O)=C1NCOCN/1)[O-],209
O=[N+](N1CN([N+]([O-])=O)CN([N+]([O-])=O)C1)[O-],215
O=[N+](C1=NN2C(NC3=C([N+]([O-])=O)C([N+]([O-])=O)=NN3C2)=C1[N+]([O-])=O)[O-],261
CN1C=C[N+]([C-]([N+]([O-])=O)[N+]([O-])=O)=N1,150
O=[N+](C1=NN(CC2=NOC(/N=N/C3=NC(CN(N=C4[N+]([O-])=O)C([N+]([O-])=O)=C4[N+]([O-])=O)=NO3)=N2)C([N+]([O-])=O)=C1[N+]([O-])=O)[O-],250.2
O=[N+](C([N+]([O-])=O)C1=NN(C([N+]([O-])=O)[N+]([O-])=O)N=N1)[O-],88
CN=[N+]([O-])C1=NON=C1N([N+]([O-])=O)CN([N+]([O-])=O)C2=NON=C2/[N+]([O-])=N\C,162
O=[N+](/C([N+]([O-])=O)=C1NCCN/1)[O-],219
CN(c1c([N+](=O)[O-])n[nH]c1[N+](=O)[O-])[N+](=O)[O-],178
O=[N+](C([N+]([O-])=O)([N+]([O-])=O)NCC1=NON=C1NCC([N+]([O-])=O)([N+]([O-])=O)[N+]([O-])=O)[O-],147
O=C(NC(C)C([N+]([O-])=O)([N+]([O-])=O)[N+]([O-])=O)NC(C)C([N+]([O-])=O)([N+]([O-])=O)[N+]([O-])=O,144
O=[N+](C1=NN(CC2=NN=NN2)C(/N=N/C3=NC([N+]([O-])=O)=NN3CC4=NN=NN4)=N1)[O-],171
[O-][N+]1=C(C2=NON=C2NCC([N+]([O-])=O)([N+]([O-])=O)[N+]([O-])=O)C(C3=NON=C3NCC([N+]([O-])=O)([N+]([O-])=O)[N+]([O-])=O)=NO1,167
O=C(OCC)NC1=NON=C1[N+]([O-])=O,153
[O-][N+]1=C(N)[N+]([O-])=NC(N2C(N)=NC([N+]([O-])=O)=N2)=N1,168
NC1=C([N+]([O-])=O)N=NN1N,193.9
O=C(OCCOC(N[N+]([O-])=O)=O)N[N+]([O-])=O,157
[NH2+]=C1OC([C-]([N+]([O-])=O)[N+]([O-])=O)=NN1N,143
NN1C(CN2N=C([N+]([O-])=O)C3=C2[N+]([O-])=NN3)=NN=C1CN4N=C([N+]([O-])=O)C5=C4[N+]([O-])=NN5,308
NC1=NON=C1[N+]([O-])=O,143
O=[N+]([O-])c1nc([N+](=O)[O-])n(CN(Cn2nc([N+](=O)[O-])nc2[N+](=O)[O-])[N+](=O)[O-])n1,209
O=[N+](C1=NON=C1N[N+]([O-])=O)[O-],64
O=C(NN1C=NN=C1N)C2=NN=C(N[N+]([O-])=O)N2,244.6
NC(CCC([N+]([O-])=O)([N+]([O-])=O)[N+]([O-])=O)=O,120
NC1=NN=NN1CN(C)[N+]([O-])=O,183.6
O=[N+]([O-])c1c([N+](=O)[O-])c([N+](=O)[O-])c([N+](=O)[O-])c([N+](=O)[O-])c1[N+](=O)[O-],120
O=[N+](N=C1NN=C(C2=NN=C(C[N+]([O-])=O)O2)N1)[O-],150
[O-]/[N+](C1=NON=C1/N=N/C2=NON=C2[N+]([O-])=O)=N\[N+]([O-])=O,108.6
O=C(OC)CN1C([N+]([O-])=O)=C([N+]([O-])=O)N=C1,224
O=[N+]([O-])Nc1nonc1C1=NOC(c2nonc2N[N+](=O)[O-])=NO1,106
[O-]/[N+](C1=NON=C1/N=[N+]([O-])/C2=NON=C2/[N+]([O-])=N/[N+]([O-])=O)=N\[N+]([O-])=O,94.3
[O-][N+]1=C(N)[N+]([O-])=NC([N+]([O-])=O)=N1,109
O=[N+](C([N+]([O-])=O)([N+]([O-])=O)N1N=C([N+]([O-])=O)N=C1C2=NN(C([N+]([O-])=O)([N+]([O-])=O)[N+]([O-])=O)C=N2)[O-],152
O=[N+]([O-])C(CNc1nonc1/N=N\c1nonc1NCC([N+](=O)[O-])([N+](=O)[O-])[N+](=O)[O-])([N+](=O)[O-])[N+](=O)[O-],230
O=[N+](C(N(C(C(N=C1)=NN1[N+]([O-])=O)=N2)N=C2[N+]([O-])=O)([N+]([O-])=O)[N+]([O-])=O)[O-],136
[N-]=[N+]=Nc1c([N+](=O)[O-])ncn1NCC([N+](=O)[O-])([N+](=O)[O-])[N+](=O)[O-],136
O=[N+](C([N+]([O-])=O)([N+]([O-])=O)C1=NCCCN1[N+]([O-])=O)[O-],134.4
O=[N+]([O-])c1cc([N+](=O)[O-])c(Nc2nonc2Nc2c([N+](=O)[O-])cc([N+](=O)[O-])cc2[N+](=O)[O-])c([N+](=O)[O-])c1,262.85
O=[N+](/N=C(N1)\NN=C1C2=NN=NN2)[O-],215
CN([N+]([O-])=O)CN1N=C([N+]([O-])=O)N=C1C2=NC([N+]([O-])=O)=NN2CN(C)[N+]([O-])=O,228
CN1C([N+]([O-])=O)=NN=N1,155
O=[N+](C1=CC([N+]([O-])=O)=NN1CN2N=C([N+]([O-])=O)C=C2[N+]([O-])=O)[O-],330
O=[N+](C1=NON=C1C([N+]([O-])=O)[N+]([O-])=O)[O-],56
NN1C(N)=NN=C1C2=NNN=C2[N+]([O-])=O,263
O=C1NC(C([N+]([O-])=O)[N+]([O-])=O)=NO1,75
O=[N+](NC1=NON=C1C2=NC(C([N+]([O-])=O)[N+]([O-])=O)=NN2)[O-],90.92
O=[N+]([O-])c1ccc(-n2nc3c4nn(-c5ccc([N+](=O)[O-])cc5[N+](=O)[O-])nc4c4nn(-c5ccc([N+](=O)[O-])cc5[N+](=O)[O-])nc4c3n2)c([N+](=O)[O-])c1,400
O=[N+](C1=NNC(N(C=N2)N=C2[N+]([O-])=O)=N1)[O-],250
O=[N+](C([N+]([O-])=O)C1=NCN([N+]([O-])=O)CN1[N+]([O-])=O)[O-],102
O=[N+](N(CN1C(N=[N+]=[N-])=C([N+]([O-])=O)C([N+]([O-])=O)=N1)CN2C(N=[N+]=[N-])=C([N+]([O-])=O)C([N+]([O-])=O)=N2)[O-],169
O=[N+](OCCC1=C(CCO[N+]([O-])=O)C(C2=NOC(CCO[N+]([O-])=O)=C2CCO[N+]([O-])=O)=NO1)[O-],188
O=[N+]([O-])c1cc([N+](=O)[O-])c(-c2c([N+](=O)[O-])cc([N+](=O)[O-])c(-c3c([N+](=O)[O-])cc([N+](=O)[O-])cc3[N+](=O)[O-])c2[N+](=O)[O-])c([N+](=O)[O-])c1,364.8
O=[N+](C1=NOC(NC2=NN=C(NC3=NC([N+]([O-])=O)=NO3)N=N2)=N1)[O-],204
O=C1OCC(COC1=O)([N+]([O-])=O)[N+]([O-])=O,201
NN1N=C([N+]([O-])=O)C(N=[N+]=[N-])=N1,141
O=[N+](OCC1=NN=C(CO[N+]([O-])=O)N1/N=N/N2C(CO[N+]([O-])=O)=NN=C2CO[N+]([O-])=O)[O-],146
O=[N+](C1=NN(C([N+]([O-])=O)([N+]([O-])=O)[N+]([O-])=O)C(N[N+]([O-])=O)=N1)[O-],121
Nc1nc([N+](=O)[O-])nn1-c1nn[nH]n1,246
[N-]=[N+]=NCCN1N=NN/C1=N\[N+]([O-])=O,139.9
O=[N+](C([N+]([O-])=O)([N+]([O-])=O)CNC1=NON=C1NC2=NN=C(NC3=NON=C3NCC([N+]([O-])=O)([N+]([O-])=O)[N+]([O-])=O)N=N2)[O-],204
O=[N+](C([N+]([O-])=O)([N+]([O-])=O)C1=NN=C2C3=NN=C(C([N+]([O-])=O)([N+]([O-])=O)[N+]([O-])=O)N3C4=NON=C4N21)[O-],128
O=[N+](NC(N=N1)=NN2C1=NN=C2)[O-],148
NN1C([N+]([O-])=O)=NC([N+]([O-])=O)=N1,165
[NH2+]=C(N)C([N+]([O-])=O)([N+]([O-])=O)C1=NN=N[N-]1,119.85
O=[N+](NC(N=N1)=NN2C1=NN=C2N=NC3=NN=C(N=N4)N3N=C4N[N+]([O-])=O)[O-],170
NN1C(C2=NC([N+]([O-])=O)=C([N+]([O-])=O)N2N)=NC([N+]([O-])=O)=C1[N+]([O-])=O,216
O=[N+](C1=C([N+]([O-])=O)C=NN1CN2N=CC([N+]([O-])=O)=C2[N+]([O-])=O)[O-],319
O=[N+](OCC1=NON=C1/N=N\C2=NON=C2CO[N+]([O-])=O)[O-],184
CCN([N+]([O-])=O)CN([N+]([O-])=O)CC,216.2
O=[N+]([O-])N1C2C3N([N+](=O)[O-])C1C1N([N+](=O)[O-])C(C(N1[N+](=O)[O-])N3[N+](=O)[O-])N2[N+](=O)[O-],228
O=[N+](C([N+]([O-])=O)([N+]([O-])=O)COC(N)=O)[O-],146
O=[N+](C1=NON=C1N([N+]([O-])=O)CN([N+]([O-])=O)CN([N+]([O-])=O)C2=NON=C2[N+]([O-])=O)[O-],150
O=[N+](C1=CN(CN([N+]([O-])=O)CN2C=C([N+]([O-])=O)C=N2)N=C1)[O-],262
NN1C(C#N)=C([N+]([O-])=O)C([N+]([O-])=O)=N1,217
O=[N+](C([N+]([O-])=O)([N+]([O-])=O)N1C=C([N+]([O-])=O)C=N1)[O-],132
CC1(O[N+]([O-])=O)COC1,141
O=[N+](C([N+]([O-])=O)([N+]([O-])=O)C1=NN(CN2C=NC(C([N+]([O-])=O)([N+]([O-])=O)[N+]([O-])=O)=N2)C=N1)[O-],147
NC(N1N[N+]([O-])=O)=NN=C1C2=NN=C(N[N+]([O-])=O)N2,136
[H]C([N+]([O-])=O)([N+]([O-])=O)C1=NC(/N=N/C2=NNC(C([H])([N+]([O-])=O)[N+]([O-])=O)=N2)=NN1,78
O=[N+](C1=NON=C1C2=NN=C(N=NC3=NN=C(C4=NON=C4[N+]([O-])=O)O3)O2)[O-],278
[O-]/[N+](C1=NN(CCO[N+]([O-])=O)N=N1)=N\C2=NN(CCO[N+]([O-])=O)N=N2,175
O=[N+](N1C(N2CC([N+]([O-])=O)([N+]([O-])=O)[N+]([O-])=O)C3N([N+]([O-])=O)C1C4N([N+]([O-])=O)C(N3CC([N+]([O-])=O)([N+]([O-])=O)[N+]([O-])=O)C2N4[N+]([O-])=O)[O-],216
[N-]=[N+]=Nc1c(-n2cncn2)c(-n2cncn2)c([N+](=O)[O-])c(N=[N+]=[N-])c1[N+](=O)[O-],134
O=[N+](OCC(CO[N+]([O-])=O)(CO[N+]([O-])=O)NC1=NN=C(N2C=CC=N2)N=N1)[O-],147
O=[N+](C1=C2C3=C([N+]([O-])=O)C([N+]([O-])=O)=NN3N=NN2N=C1[N+]([O-])=O)[O-],233
O=C(NC(OCC([N+]([O-])=O)([N+]([O-])=O)[N+]([O-])=O)=O)OCC([N+]([O-])=O)([N+]([O-])=O)[N+]([O-])=O,183
O=[N+]([O-])C(/C=N/CC([N+](=O)[O-])([N+](=O)[O-])[N+](=O)[O-])([N+](=O)[O-])[N+](=O)[O-],135.3
O=[N+](NC1=NNC=N1)[O-],208
O=[N+](NC1=NON=C1/N=N\C2=NON=C2N[N+]([O-])=O)[O-],100
O=[N+](C1=NNC2C([N+]([O-])=O)=NNC21)[O-],336
O=[N+](C1=C(/C=N/NC(N/N=C/C2=C([N+]([O-])=O)C=C([N+]([O-])=O)C=C2[N+]([O-])=O)=N/N=C/C3=C([N+]([O-])=O)C=C([N+]([O-])=O)C=C3[N+]([O-])=O)C([N+]([O-])=O)=CC([N+]([O-])=O)=C1)[O-],178
O=[N+]([O-])c1ccn(C([N+](=O)[O-])[N+](=O)[O-])n1,135.8
O=[N+](C1=NC=CN1C([N+]([O-])=O)([N+]([O-])=O)[N+]([O-])=O)[O-],126
O=[N+](C1=C([N+]([O-])=O)NC(C2=NC([N+]([O-])=O)=C([N+]([O-])=O)N2)=N1)[O-],290
O=[N+]([O-])c1no[n+]([O-])c1-c1nnn[nH]1,169
NC1=NC(N)=C([N+]([O-])=O)C=C1[N+]([O-])=O,270
O=[N+](C1=CC=CC(N2N=NN=C2)=C1)[O-],151
C/N=[N+](\[O-])c1nonc1N(CN(c1nonc1/[N+]([O-])=N\C)[N+](=O)[O-])[N+](=O)[O-],162
O=[N+]([O-])c1c(-n2cncn2)c([N+](=O)[O-])c(-n2cncn2)c([N+](=O)[O-])c1-n1cncn1,228
O=[N+](NC1=NN(CCO[N+]([O-])=O)N=N1)[O-],90
O=[N+](C1=NNC2=C1NN=C2[N+]([O-])=O)[O-],336
N#[N+]C1=C([N+]([O-])=O)N=C(C2=NC([N+]([O-])=O)=C([N+]#N)[N-]2)[N-]1,199
O=C(C(OCC([N+]([O-])=O)([N+]([O-])=O)[N+]([O-])=O)=O)OCC([N+]([O-])=O)([N+]([O-])=O)[N+]([O-])=O,186
NC1=NON=C1N2N=C([N+]([O-])=O)C=C2[N+]([O-])=O,245
O=[N+](NCC(N[N+]([O-])=O)CN[N+]([O-])=O)[O-],185
O=[N+](C1=NN(NCC([N+]([O-])=O)([N+]([O-])=O)[N+]([O-])=O)C(N=[N+]=[N-])=C1[N+]([O-])=O)[O-],117
O=[N+](C1=NNC([N+]([O-])=O)=C1CC2=C([N+]([O-])=O)NN=C2[N+]([O-])=O)[O-],262
O=[N+](C(C=C1[N+]([O-])=O)=NN1C2=NON=C2[N+]([O-])=O)[O-],225
O=[N+](N1N=C(C2=NC([N+]([O-])=O)=NN2)N=C1)[O-],173
CN1N=C([N+]([O-])=O)C(N[N+]([O-])=O)=N1,112
ON(N=C1[N+]([O-])=O)C2=C1N(O)N=C2[N+]([O-])=O,296
[O-]C1=N[N+](C2=CC([N+]([O-])=O)=CC([N+]([O-])=O)=C2)=NO1,229
NC1=NC(NCC([N+]([O-])=O)([N+]([O-])=O)[N+]([O-])=O)=NO1,155
O=[N+](C([N+]([O-])=O)C1=NNC([N+]([O-])=O)=N1)[O-],86
CC(C)(C)N1CN/C(NC1)=C([N+]([O-])=O)\[N+]([O-])=O,180.5
[O-][N+]1=C(C2=[N+]([O-])ON=C2N[N+]([O-])=O)C(N[N+]([O-])=O)=NO1,91
[O-][N+]1=C(N)[N+]([O-])=NC(N2C(C)=C([N+]([O-])=O)C(C)=N2)=N1,211
CN(C([N+]([O-])=O)=C1N=[N+]=[N-])N=C1[N+]([O-])=O,161
O=[N+](C1=NNC([N+]([O-])=O)=C1CCC2=C([N+]([O-])=O)NN=C2[N+]([O-])=O)[O-],351
CC1N=C(C([N+]([O-])=O)([N+]([O-])=O)[N+]([O-])=O)N([N+]([O-])=O)C1,117
[O-][N+]1=C(C([N+]([O-])=O)=NO1)C2=CC=C([N+]([O-])=O)C(C3=[N+]([O-])ON=C3[N+]([O-])=O)=C2,172
CC(OCC([N+]([O-])=O)([N+]([O-])=O)COC(C)=O)=O,241
[C-]#[N+]c1nonc1N(CC([N+](=O)[O-])([N+](=O)[O-])[N+](=O)[O-])[N+](=O)[O-],156
O=[N+](C([N+]([O-])=O)C1=NOC=N1)[O-],165
O=[N+](/N=C1N(CCN2N=C([N+]([O-])=O)C([N+]([O-])=O)=C2[N+]([O-])=O)N=NN/1)[O-],148
CN([N+]([O-])=O)CCN=[N+]=[N-],236
NC1=C([N+]([O-])=O)N(N=C1[N+]([O-])=O)C2=C([N+]([O-])=O)NN=C2[N+]([O-])=O,284
[O-][N+]1=C([N+]([O-])=O)C(C2=NO[N+]([O-])=C2C3=NO[N+]([O-])=C3[N+]([O-])=O)=NO1,130.1
O=C(OCCNC(C(NCCOC(N[N+]([O-])=O)=O)=O)=O)N[N+]([O-])=O,175
CC1=[N+]([O-])ON=C1N([N+]([O-])=O)CN([N+]([O-])=O)C2=NO[N+]([O-])=C2C,124.5
NC1=NC(N=[N+]=[N-])=NN=C1[N+]([O-])=O,162
O=[N+](/C([N+]([O-])=O)=C1NCN(N=O)CN\1)[O-],155
O=[N+](N(CN1C=C([N+]([O-])=O)C([N+]([O-])=O)=N1)CN2C=C([N+]([O-])=O)C([N+]([O-])=O)=N2)[O-],261
O=[N+](C1=CNN=C1C2=NN=C(C3=NNC=C3[N+]([O-])=O)O2)[O-],338
N/C(N)=C([N+]([O-])=O)\[N+]([O-])=O,274
[N-]=[N+]=Nc1n[nH]c(N[N+](=O)[O-])n1,143
O=[N+](/C([N+]([O-])=O)=C1NCN(CN2CN/C(NC2)=C([N+]([O-])=O)/[N+]([O-])=O)CN\1)[O-],188
O=C(N[N+]([O-])=O)NC1=NON=C1[N+]([O-])=O,122
Nc1nnn(Cc2n[nH]c(N[N+](=O)[O-])n2)n1,218
O=[N+](C1=C(/C=C/C2=C([N+]([O-])=O)C=C([N+]([O-])=O)C=C2)C([N+]([O-])=O)=CC([N+]([O-])=O)=C1/C=C/C3=CC=C([N+]([O-])=O)C=C3[N+]([O-])=O)[O-],275.1
O=[N+](C(C([N+]([O-])=O)=C1[N+]([O-])=O)=NN1CC2=NN=C(CN3N=C([N+]([O-])=O)C([N+]([O-])=O)=C3[N+]([O-])=O)N2/N=N/N4C(CN5N=C([N+]([O-])=O)C([N+]([O-])=O)=C5[N+]([O-])=O)=NN=C4CN6N=C([N+]([O-])=O)C([N+]([O-])=O)=C6[N+]([O-])=O)[O-],151
O=[N+](C([N+]([O-])=O)([N+]([O-])=O)N1C=C([N+]([O-])=O)N=C1)[O-],119
[O-][N+]1=C(C2=NON=C2[N+]([O-])=O)C(C3=NON=C3[N+]([O-])=O)=NO1,231
O=[N+](C1=CNN=C1[N+]([O-])=O)[O-],285
O=[N+](C1=NN(/N=N/N2N=C([N+]([O-])=O)C=N2)N=C1)[O-],227
[O-][N+](ON=C1[N+]([O-])=O)=C1C2=CC([N+]([O-])=O)=CC([N+]([O-])=O)=C2,152.9
Nn1cnc([N+](=O)[O-])c1[N+](=O)[O-],235
O=[N+](/N=C1NN=NN\1CCO[N+]([O-])=O)[O-],122
O=[N+](C([N+]([O-])=O)([N+]([O-])=O)C1=NN(C([N+]([O-])=O)([N+]([O-])=O)[N+]([O-])=O)C=N1)[O-],157
O=[N+](C([N+]([O-])=O)([N+]([O-])=O)CNC1=NN=NN1CCN2N=NN=C2NCC([N+]([O-])=O)([N+]([O-])=O)[N+]([O-])=O)[O-],183
NC1=NC([N+]([O-])=O)=NN1CN(CN2N=C([N+]([O-])=O)N=C2N)[N+]([O-])=O,246
CC(CO[N+]([O-])=O)(CO[N+]([O-])=O)CO[N+]([O-])=O,181
O=[N+]([O-])/N=c1\[nH]nc(CO[N+](=O)[O-])[nH]1,208.55
N/C(N)=C([N+]([O-])=O)\C1=NC=NC(N)=N1,276
O=[N+](C(C1=NN(COCN2N=NC(C([N+]([O-])=O)([N+]([O-])=O)[N+]([O-])=O)=N2)N=N1)([N+]([O-])=O)[N+]([O-])=O)[O-],130
O=[N+]([O-])c1ncn(NCC([N+](=O)[O-])([N+](=O)[O-])[N+](=O)[O-])n1,141
O=[N+](C1=NNN=N1)[O-],130
O=[N+](NC1=NN=NN1CCO[N+]([O-])=O)[O-],99
[NH2+]=C1N(C)N=NN1[N-][N+]([O-])=O,150
O=[N+](C1=NN(CO[N+]([O-])=O)C2=C1N(CO[N+]([O-])=O)N=C2[N+]([O-])=O)[O-],206
O=[N+](/N=C1NN=C(CO[N+]([O-])=O)O/1)[O-],208.55
O=[N+](C1=CN(NCC([N+]([O-])=O)([N+]([O-])=O)[N+]([O-])=O)N=C1)[O-],112
O=[N+](C1=CNN=C1C2=NNC=C2[N+]([O-])=O)[O-],365
CON1N=NN/C1=N\[N+]([O-])=O,223
O=[N+](C([N+]([O-])=O)([N+]([O-])=O)CNN1C(NN2N=NN=C2)=NN=C1)[O-],182
NC1=C(N(CCCN2N=NN=C2N)N=C1[N+]([O-])=O)[N+]([O-])=O,265
[O-][N+]1=C([N+]([O-])=O)C(C2=NON=C2[N+]([O-])=O)=NO1,145
O=[N+]([O-])c1n[nH]c([N+](=O)[O-])c1-n1nc([N+](=O)[O-])c([N+](=O)[O-])c1[N+](=O)[O-],297
[O-][N+]1=C(C2=NN=C(N[N+]([O-])=O)O2)C([N+]([O-])=O)=NO1,85
[O-]C1=C(C([N+]([O-])=O)=NN1C)[N+]#N,228
O=[N+](C([N+]([O-])=O)([N+]([O-])=O)CNC1=NN=NN1CCCCN2N=NN=C2NCC([N+]([O-])=O)([N+]([O-])=O)[N+]([O-])=O)[O-],166
O=[N+]([O-])c1nn(C([N+](=O)[O-])([N+](=O)[O-])[N+](=O)[O-])c2c([N+](=O)[O-])nn(C([N+](=O)[O-])([N+](=O)[O-])[N+](=O)[O-])c12,160
Nn1cc([N+](=O)[O-])nc1[N+](=O)[O-],264
NC1=NN=C(N1N)C2=NNC=C2[N+]([O-])=O,331
[O-]/[N+](C1=NON=C1N[N+]([O-])=O)=N/C2=NON=C2N[N+]([O-])=O,90
[O-]/[N+](C1=NON=C1/N=[N+]([O-])/C2=NON=C2[N+]([O-])=O)=N\[N+]([O-])=O,114
CN(CC(NNC(CN([N+]([O-])=O)C)=O)=O)[N+]([O-])=O,201
OC(CN([N+]([O-])=O)C(C(N([N+]([O-])=O)CC(O)=O)=O)=O)=O,132
O=C1OCC(CO[N+]([O-])=O)(CO[N+]([O-])=O)N1[N+]([O-])=O,160
O=[N+](C1=NN(CN=[N+]=[N-])C2=C1N(CN=[N+]=[N-])N=C2[N+]([O-])=O)[O-],198
NN1C=C([N+]([O-])=O)C([N+]([O-])=O)=N1,241
O=[N+](N(CN1C([N+]([O-])=O)=CC([N+]([O-])=O)=N1)CN2C([N+]([O-])=O)=CC([N+]([O-])=O)=N2)[O-],250
[O-][N+](ON=C1C2=C([N+]([O-])=O)C=C(C=C2)C3=NO[N+]([O-])=C3[N+]([O-])=O)=C1[N+]([O-])=O,198.8
Nc1c([N+](=O)[O-])c(N)c([N+](=O)[O-])c(N)c1[N+](=O)[O-],350
CN[N+]([O-])=O,86
O=[N+](C1=NNN=C1N[N+]([O-])=O)[O-],130
Nc1nonc1Nc1ccc([N+](=O)[O-])cc1[N+](=O)[O-],241.17
NN1C(CN2N=C([N+]([O-])=O)C([N+]([O-])=O)=C2[N+]([O-])=O)=NN=C1CN3N=C([N+]([O-])=O)C([N+]([O-])=O)=C3[N+]([O-])=O,213
O=[N+]([O-])NCC(CN[N+](=O)[O-])(CN[N+](=O)[O-])CN[N+](=O)[O-],183
O=[N+](/C([N+]([O-])=O)=C1NN=C(N\1)C(N/2)=NNC2=C([N+]([O-])=O)/[N+]([O-])=O)[O-],121
O=[N+](C1=C([N+]([O-])=O)C([N+]([O-])=O)=C([N+]([O-])=O)C=C1[N+]([O-])=O)[O-],220
CN(C([N+]([O-])=O)=C1N)N=C1[N+]([O-])=O,270
NC1=[NH+]N=C(/N=N/C2=N[NH+]=C(N)N2[N-][N+]([O-])=O)N1[N-][N+]([O-])=O,167
NC1=NC([N+]([O-])=O)=NN1C2=NC([N+]([O-])=O)=NN2,252
[H][C@]12CCCC[C@]1([H])N=C(C([N+]([O-])=O)([N+]([O-])=O)[N+]([O-])=O)N2[N+]([O-])=O,120
O=[N+]([O-])OCc1nc([N+](=O)[O-])n[nH]1,163.18
O=[N+](C1=C([N+]([O-])=O)C([N+]([O-])=O)=NN1CC2=NN=NN2)[O-],155
O=C(OCC([N+]([O-])=O)([N+]([O-])=O)C)N,192
O=[N+](C1=NNC([N+]([O-])=O)=C1)[O-],199
NC1=C([N+]([O-])=O)C([N+]([O-])=O)=NN1CC2=NO/C(N2)=N/[N+]([O-])=O,201
NN1C(N)=NC([N+]([O-])=O)=N1,244
C[C@H]1CNC(=C([N+](=O)[O-])[N+](=O)[O-])N1,237.83
NC1=C([N+]([O-])=O)N(CN([N+]([O-])=O)CN2C([N+]([O-])=O)=C(N)C([N+]([O-])=O)=N2)N=C1[N+]([O-])=O,232
O=[N+](C1=NNC(NC2=NN=C(NC3=NC([N+]([O-])=O)=NN3)N=N2)=N1)[O-],283.6
CC1=NON=C1C2=C([N+]([O-])=O)C([N+]([O-])=O)=NN2C([N+]([O-])=O)([N+]([O-])=O)[N+]([O-])=O,141
O=[N+](C1=NN(CCN2N=NN/C2=N/[N+]([O-])=O)C=C1[N+]([O-])=O)[O-],157
O=C(OC1N=C(C([N+]([O-])=O)([N+]([O-])=O)[N+]([O-])=O)N([N+]([O-])=O)C1OC(C)=O)C,118
O=[N+](NC1=NON=C1C2=NON=C2N[N+]([O-])=O)[O-],80
NC1=C([N+]([O-])=O)C(C#N)=C([N+]([O-])=O)C(C#N)=C1[N+]([O-])=O,202
NC1=C(N=NN2)C2=C(C(N)=C1[N+]([O-])=O)[N+]([O-])=O,322
O=[N+](C1=NNN=C1C2=NN=NN2)[O-],188
CC1=NC(C2=NON=C2N[N+]([O-])=O)=NO1,158
CN(CC#N)[N+](=O)[O-],193
O=[N+]([O-])c1cn(NCC([N+](=O)[O-])([N+](=O)[O-])[N+](=O)[O-])cn1,139
O=[N+](C1=NNC=C1)[O-],231
O=[N+](C1=NNN=C1NC2=NN=NN2)[O-],308
O=[N+]([O-])C(CNc1nonc1C1=NOC(c2nonc2NCC([N+](=O)[O-])([N+](=O)[O-])[N+](=O)[O-])=NO1)([N+](=O)[O-])[N+](=O)[O-],203
N/C(NN)=C([N+]([O-])=O)\[N+]([O-])=O,124
O=[N+]([O-])c1c(-n2cncn2)c(-n2cncn2)c(-n2cncn2)c([N+](=O)[O-])c1-n1cncn1,249.5
O=[N+](C1=CC2=C(N/C(N2)=N/[N+]([O-])=O)C=C1[N+]([O-])=O)[O-],250
NC1=NN=NN1CCN(C(N)=C2[N+]([O-])=O)N=C2[N+]([O-])=O,239
[O-]/[N+](C1=NON=C1N[N+]([O-])=O)=N\C2=NON=C2N[N+]([O-])=O,67
O=[N+]([O-])C(COc1nc(OCC([N+](=O)[O-])([N+](=O)[O-])[N+](=O)[O-])nc(C([N+](=O)[O-])([N+](=O)[O-])[N+](=O)[O-])n1)([N+](=O)[O-])[N+](=O)[O-],169.5
[O-][N+]1=C(C2=[N+]([O-])ON=C2[N+]([O-])=O)C([N+]([O-])=O)=NO1,140
O=[N+](OCC(CO[N+]([O-])=O)O[N+]([O-])=O)[O-],197
O=[N+](NC1=NNC(C([N+]([O-])=O)([N+]([O-])=O)[N+]([O-])=O)=C1[N+]([O-])=O)[O-],124
O=[N+](C1=NN(N[N+]([O-])=O)C(C2=NC([N+]([O-])=O)=NN2N[N+]([O-])=O)=N1)[O-],121
O=[N+]([O-])c1nonc1N(CC([N+](=O)[O-])([N+](=O)[O-])[N+](=O)[O-])[N+](=O)[O-],135
NC1=NC(CN2C([N+]([O-])=O)=C([N+]([O-])=O)C([N+]([O-])=O)=N2)=NO1,201
O=[N+](C1([N+]([O-])=O)CN([N+]([O-])=O)CN([N+]([O-])=O)C1)[O-],188
O/C(C([N+]([O-])=O)([N+]([O-])=O)[N+]([O-])=O)=N\[N+]([O-])=O,111
NC1=NC2=C([N+]([O-])=O)N=NN2N=C1C#N,196
O=[N+](CC1=NN=C(O1)C2=NN=C(C[N+]([O-])=O)O2)[O-],180.7
NN/C(N)=N/[N+]([O-])=O,184
[O-][N+]1=C(C(N=[N+]=[N-])=NO1)C2=[N+]([O-])ON=C2[N+]([O-])=O,112.7
O=C(CC(NC(CO[N+]([O-])=O)(CO[N+]([O-])=O)CO[N+]([O-])=O)=O)NC(CO[N+]([O-])=O)(CO[N+]([O-])=O)CO[N+]([O-])=O,104
O=[N+](C(CNC1=NON=C1NCC([N+]([O-])=O)([N+]([O-])=O)[N+]([O-])=O)([N+]([O-])=O)[N+]([O-])=O)[O-],154.2
O=[N+](/C([N+]([O-])=O)=C(NCN/1)\NC1=C([N+]([O-])=O)/[N+]([O-])=O)[O-],135
Nc1c([N+](=O)[O-])nn(-c2c([N+](=O)[O-])nn(N)c2[N+](=O)[O-])c1[N+](=O)[O-],284
[N-]=c1oc([C+]([N+](=O)[O-])[N+](=O)[O-])nn1N,143
[O-][N+](ON=C1[N+]([O-])=O)=C1C#N,132.85
O=[N+](C1=NON=C1C2=NN(C([N+]([O-])=O)([N+]([O-])=O)[N+]([O-])=O)C=C2[N+]([O-])=O)[O-],134
[N-]=[N+]=NC1=NC(N[N+]([O-])=O)=NC(N=[N+]=[N-])=N1,153
O=[N+]([O-])c1cc([N+](=O)[O-])c(/C=C/c2c([N+](=O)[O-])cc([N+](=O)[O-])cc2[N+](=O)[O-])c([N+](=O)[O-])c1,310
OC(C([N+]([O-])=O)=CC([N+]([O-])=O)=C1)=C1[N+]([O-])=O,159
NC1=C([N+]([O-])=O)C([N+]([O-])=O)=NN1CCN(N=NN/2)C2=N\[N+]([O-])=O,152
CN1N=C([N+]([O-])=O)N=N1,150
[N-]=[N+]=Nc1n[nH]nc1[N+](=O)[O-],149
O=[N+](C1=NOC(NC(N=N2)=NN3C2=NN=C3[N+]([O-])=O)=N1)[O-],209.5
O=[N+](C(CN=CC([N+]([O-])=O)([N+]([O-])=O)[N+]([O-])=O)([N+]([O-])=O)[N+]([O-])=O)[O-],135
O/N=C(N=[N+]=[N-])/C1=NNC([N+]([O-])=O)=N1,124
OCC1=NN=C(CO)N1NCC([N+]([O-])=O)([N+]([O-])=O)[N+]([O-])=O,129
O=[N+](OCN1C2=NON=C2N(CO[N+]([O-])=O)C3=NON=C13)[O-],196
O=C(OC1N/C(NC1OC(C)=O)=C([N+]([O-])=O)\[N+]([O-])=O)C,165
CN1C(N[N+]([O-])=O)=NC([N+]([O-])=O)=N1,108
[O-][N+](ON=C1[N+]([O-])=O)=C1C(N)=O,113.27
O=[N+](C1=NN(COCN2N=NC([N+]([O-])=O)=N2)N=N1)[O-],203
NC1=NN=NN1C2=NC([N+]([O-])=O)=NN2,239
O=[N+](C1=NN2C(C3=NC([N+]([O-])=O)=NN3CC2)=N1)[O-],307
NN1C2=C([N+]([O-])=O)C([N+]([O-])=O)=NN2CN3N=C([N+]([O-])=O)C([N+]([O-])=O)=C13,242
O=[N+](C1=NNN=C1C2=NC(N=NC3=NNC(C4=NNN=C4[N+]([O-])=O)=N3)=NN2)[O-],209.2
[N-]=[N+]=NC1=NC(C2=NC([N+]([O-])=O)=NN2)=NN1,180.7
O=[N+](C1=NC(C2=NON=C2[N+]([O-])=O)=NN1)[O-],191
CN([N+]([O-])=O)CN([N+]([O-])=O)C,168.7
[O-]C1=C([N+]#N)C([N+]([O-])=O)=NN1CN2C([O-])=C([N+]#N)C([N+]([O-])=O)=N2,225.6
NC1=C([N+]([O-])=O)N(N=C1[N+]([O-])=O)CC2=NN=C(CN3N=C([N+]([O-])=O)C(N)=C3[N+]([O-])=O)N2/N=N/N4C(CN5N=C([N+]([O-])=O)C(N)=C5[N+]([O-])=O)=NN=C4CN6N=C([N+]([O-])=O)C(N)=C6[N+]([O-])=O,214
O=[N+](C([N+]([O-])=O)([N+]([O-])=O)CN([N+]([O-])=O)C1=NON=C1NC2=NN=C(NC3=NON=C3N([N+]([O-])=O)CC([N+]([O-])=O)([N+]([O-])=O)[N+]([O-])=O)N=N2)[O-],144
O=[N+](C1=NN(CC2=NN=NN2)N=N1)[O-],214
O=[N+](C1=NN(CC#N)N=N1)[O-],210
O=[N+]([O-])N1C(C([N+](=O)[O-])([N+](=O)[O-])[N+](=O)[O-])=NC2CCCCC21,120.16
O=[N+](OCC1(CO[N+]([O-])=O)CC(CO[N+]([O-])=O)(CO[N+]([O-])=O)C1)[O-],196
NC1=NN=NN1CCN(C=C2)N=C2[N+]([O-])=O,254
O=[N+](C([N+]([O-])=O)([N+]([O-])=O)N1N=C([N+]([O-])=O)N=C1C2=NNC=N2)[O-],172
[O-]/[N+](C1=NON=C1[N+]([O-])=O)=N\[N+]([O-])=O,109
O=[N+]([O-])/N=[N+](\[O-])c1nonc1/N=N/c1nonc1/[N+]([O-])=N/[N+](=O)[O-],83
O=[N+](N(CCN(C1=NON=C1C2=NN=NN2)[N+]([O-])=O)C3=NON=C3C4=NN=NN4)[O-],163
O=[N+](NC1=NNC(C2=NON=C2[N+]([O-])=O)=N1)[O-],163
O=[N+]([O-])N1C(C([N+](=O)[O-])([N+](=O)[O-])[N+](=O)[O-])=NC2OCCOC21,134.92
Nn1cc([N+](=O)[O-])nc1-c1nc([N+](=O)[O-])cn1N,308
NC1=NN=NN1CC2=NNC(N[N+]([O-])=O)=N2,204
O=[N+](C(C=C([N+]([O-])=O)C=C1[N+]([O-])=O)=C1/C=N\NC2=NN=C(N/N=C\C3=C([N+]([O-])=O)C=C([N+]([O-])=O)C=C3[N+]([O-])=O)N=N2)[O-],184.2
O=[N+](C1=NN(COCN2N=C(N=C2)[N+]([O-])=O)C=N1)[O-],320
O=[N+]([O-])N1CN([N+](=O)[O-])CN([N+](=O)[O-])CN([N+](=O)[O-])C1,284
O=[N+](C1=NNN=C1C2=NC([N+]([O-])=O)=NN2)[O-],210.5
NC1=C([N+]([O-])=O)N(CCN2N=C([N+]([O-])=O)C(N)=C2[N+]([O-])=O)N=C1[N+]([O-])=O,311
Nn1cnc([N+](=O)[O-])c1,237
NC1=NC([N+]([O-])=O)=NN1CC2=NN=NN2,242
[O-]C1=N[N+](C2=CC=CC([N+]([O-])=O)=C2)=NO1,237
O=[N+](/N=C1NN=C2NC=NN2\1)[O-],169
O=[N+](C(C([N+]([O-])=O)=NN1)=C1C2=NN=C(C3=NN=C(C4=C([N+]([O-])=O)C([N+]([O-])=O)=NN4)O3)O2)[O-],265
O=[N+](NC1=NNC(C2=NN=C(C3=NC(N[N+]([O-])=O)=NN3)N=N2)=N1)[O-],162
[O-][N+]1=C2C(N)=C([N+]([O-])=O)C(N)=C([N+]([O-])=O)C2=NO1,289.3
CN1C(NCC([N+]([O-])=O)([N+]([O-])=O)[N+]([O-])=O)=NN=N1,143
O=[N+](C(CNCC([N+]([O-])=O)([N+]([O-])=O)[N+]([O-])=O)([N+]([O-])=O)[N+]([O-])=O)[O-],123
[O-]/[N+](C1=NON=C1N[N+]([O-])=O)=N\C,140.4
O=[N+](C(COC1=NC(OCC([N+]([O-])=O)([N+]([O-])=O)[N+]([O-])=O)=NC(OC)=N1)([N+]([O-])=O)[N+]([O-])=O)[O-],173.07
NN1N=C([N+]([O-])=O)C([N+]([O-])=O)=C1C2=C([N+]([O-])=O)C([N+]([O-])=O)=NN2N,252
O=[N+](C1=NON=C1C2=C([N+]([O-])=O)C([N+]([O-])=O)=NN2C([N+]([O-])=O)([N+]([O-])=O)[N+]([O-])=O)[O-],134
O=[N+](C1=C(C([N+]([O-])=O)=NN1)C2=NC(C3=C([N+]([O-])=O)NN=C3[N+]([O-])=O)=NN2)[O-],300
O=[N+](C1=CNN=C1C2=NN=C(C3=NN=C(C4=NNC=C4[N+]([O-])=O)O3)O2)[O-],368
NC1=[NH+]N=NN1[N-][N+]([O-])=O,113
CN(CC(N)=O)[N+]([O-])=O,186
O=[N+](NN1C(NN2N=NN=C2)=NN=C1)[O-],177
[N-]=[N+]=NC1=C([N+]([O-])=O)C([N+]([O-])=O)=NN1CCN2N=C([N+]([O-])=O)C([N+]([O-])=O)=C2N=[N+]=[N-],111.3
O=[N+](NC1=NN=C(CCC2=NN=C(N[N+]([O-])=O)O2)O1)[O-],215
NC1=C([N+]([O-])=O)C2=NN=NN2N=C1N,293
O=[N+](C(COCOCC([N+]([O-])=O)([N+]([O-])=O)[N+]([O-])=O)([N+]([O-])=O)[N+]([O-])=O)[O-],195
O=C(N[N+]([O-])=O)OC1C(OC(N[N+]([O-])=O)=O)C([N+]([O-])=O)C(OC(N[N+]([O-])=O)=O)C(OC(N[N+]([O-])=O)=O)C1[N+]([O-])=O,160
O=[N+](C1=C(C2=NC([N+]([O-])=O)=NN2)NN=C1C3=NC([N+]([O-])=O)=NN3)[O-],238.2
O=[N+]([O-])c1cc([N+](=O)[O-])c(-n2cncn2)c([N+](=O)[O-])c1,256
O=[N+](C1=C(/C=N/NC2=C([N+]([O-])=O)C=C([N+]([O-])=O)C=C2[N+]([O-])=O)C([N+]([O-])=O)=CC([N+]([O-])=O)=C1)[O-],208
CC(CN/1)NC1=C([N+]([O-])=O)/[N+]([O-])=O,237.83
O=[N+](/C([N+]([O-])=O)=C1NC2C(CCCC2)N/1)[O-],235.36
NC1=NN=NN1CCN(C=N2)N=C2[N+]([O-])=O,255
O=[N+](C([N+]([O-])=O)C1=C([N+]([O-])=O)NN=C1)[O-],117
CC(=O)O[C@H]1NC(=C([N+](=O)[O-])[N+](=O)[O-])N[C@@H]1OC(C)=O,165.36
O=[N+](OCC1=C(CO[N+]([O-])=O)N(CCN2C(CO[N+]([O-])=O)=C(CO[N+]([O-])=O)N=N2)N=N1)[O-],150
O=[N+]([O-])c1nc(-c2nc([N+](=O)[O-])nn2C([N+](=O)[O-])[N+](=O)[O-])n(C([N+](=O)[O-])[N+](=O)[O-])n1,166
O=[N+]([O-])C(c1nc(Cc2noc(C([N+](=O)[O-])([N+](=O)[O-])[N+](=O)[O-])n2)no1)([N+](=O)[O-])[N+](=O)[O-],117
CN([N+]([O-])=O)CN1C(N2C=C([N+]([O-])=O)C([N+]([O-])=O)=N2)=C([N+]([O-])=O)C=N1,264
O=[N+](C([N+]([O-])=O)([N+]([O-])=O)C1=NNC(C2=NON=C2/N=N/C3=NON=C3C4=NC(C([N+]([O-])=O)([N+]([O-])=O)[N+]([O-])=O)=NN4)=N1)[O-],144
O=[N+](C1=NON=C1C2=NN=NN2)[O-],215
O=[N+](C1=C(OCC(CO[N+]([O-])=O)(CO[N+]([O-])=O)CO[N+]([O-])=O)C=CC([N+]([O-])=O)=C1)[O-],184.2
O=C(NN1C=NN=C1N[N+]([O-])=O)C2=NN=C(N[N+]([O-])=O)N2,205
[N-]=[N+]=NCC(CN=[N+]=[N-])(CN=[N+]=[N-])NC(=O)N[N+](=O)[O-],79
NC1=C([N+]([O-])=O)C(N/C(N)=N\[N+]([O-])=O)=C([N+]([O-])=O)C(N)=C1[N+]([O-])=O,287
O=[N+](C1=CN(C([N+]([O-])=O)([N+]([O-])=O)[N+]([O-])=O)N=C1[N+]([O-])=O)[O-],141
O=[N+](N(CCN(C1=NON=C1C2=NOC=N2)[N+]([O-])=O)C3=NON=C3C4=NOC=N4)[O-],175
O=[N+]([O-])Nc1nonc1/[N+]([O-])=N\c1nonc1/N=N\c1nonc1/N=[N+](/[O-])c1nonc1N[N+](=O)[O-],120
O=[N+](N1C2=NON=C2N(COC(C)=O)C3N([N+]([O-])=O)C4=NON=C4N(COC(C)=O)C31)[O-],210
O=[N+](OC1COC1)[O-],153
NC1=NC2=C([N+]([O-])=O)N=NN2N=C1N=[N+]=[N-],166
O=[N+](C(C=C([N+]([O-])=O)C=C1[N+]([O-])=O)=C1C2=NN=C(C3=NN=C(C4=C([N+]([O-])=O)C=C([N+]([O-])=O)C=C4[N+]([O-])=O)O3)O2)[O-],229.5
NC1=NN=C2N=NC(NC3=NON=C3[N+]([O-])=O)=NN21,249.5
O=[N+](N(CN1C([N+]([O-])=O)=C(N=[N+]=[N-])C([N+]([O-])=O)=N1)CN2C([N+]([O-])=O)=C(N=[N+]=[N-])C([N+]([O-])=O)=N2)[O-],166
O=[N+](/N=C1NN=NN\1)[O-],122
O=[N+](OCC1=NOC(C2=NC(CO[N+]([O-])=O)=NO2)=N1)[O-],156.96
NN1N=C([N+]([O-])=O)C([N+]([O-])=O)=N1,190
OCC1=NN/C(O1)=N/[N+]([O-])=O,187.39
O=[N+](N[C@@H]1N([N+]([O-])=O)CCN([N+]([O-])=O)[C@H]1N[N+]([O-])=O)[O-],140
O=[N+](/C([N+]([O-])=O)=C1NCN([N+]([O-])=O)CN\1)[O-],158
CN([N+]([O-])=O)CN1C=C([N+]([O-])=O)N=C1[N+]([O-])=O,183
CC1=[N+]([O-])ON=C1/C=N/N/C(N)=N/[N+]([O-])=O,195.5
O=[N+](NC1=NON=C1N[N+]([O-])=O)[O-],99
O=[N+]([O-])c1ncn(CN(Cn2cnc([N+](=O)[O-])c2[N+](=O)[O-])[N+](=O)[O-])c1[N+](=O)[O-],234
O=[N+](C1=NON=C1C2=NOC(C3=NON=C3[N+]([O-])=O)=N2)[O-],272
O=[N+](C1=NN=C(NN2N=NN=C2)N1)[O-],186
CN([N+]([O-])=O)CN1N=C([N+]([O-])=O)C([N+]([O-])=O)=C1,234
O=C(C(NNCC([N+]([O-])=O)([N+]([O-])=O)[N+]([O-])=O)=O)NNCC([N+]([O-])=O)([N+]([O-])=O)[N+]([O-])=O,148
CN1C(C([N+]([O-])=O)([N+]([O-])=O)[N+]([O-])=O)=NC(/N=N/C2=NN(C)C(C([N+]([O-])=O)([N+]([O-])=O)[N+]([O-])=O)=N2)=N1,165
[O-][N+]1=NC2=NN=C([N+]([O-])=O)N2N=C1N,220
[N-]=[N+]=Nc1nc(CO[N+](=O)[O-])n[nH]1,145.81
N/C(N)=N\C1=C([N+]([O-])=O)C=C([N+]([O-])=O)C=C1[N+]([O-])=O,232
O=[N+](N1C=CC(C2=NN([N+]([O-])=O)C=C2)=N1)[O-],183
NN1C=C([N+]([O-])=O)C(N2N=NN=C2)=N1,246
O=[N+](C([N+]([O-])=O)([N+]([O-])=O)C1=NCN([N+]([O-])=O)CN1)[O-],136
[O-][N+]1=C2C=C([N+]([O-])=O)C=C([N+]([O-])=O)C2=NO1,205.3
O=[N+](NN1C(C2=NN=NN2N[N+]([O-])=O)=NN=N1)[O-],107
O=[N+](C1=NN(CC2=NN=NN2)C(N[N+]([O-])=O)=N1)[O-],149
[O-][N+]1=C(NC(N)=N)[N+]([O-])=NC([N+]([O-])=O)=N1,134
NC1=NC(C2=NNN=C2[N+]([O-])=O)=NN1,263.32
[O-][N+]1=C(C([N+]([O-])=O)=NO1)C2=NON=C2[N+]([O-])=O,140
Cc1ccc([N+]([O-])=N[N+](=O)[O-])cc1[N+]([O-])=N[N+](=O)[O-],139.5
O=[N+](/N=C1OC(C2=NN/C(O2)=N\[N+]([O-])=O)=NN/1)[O-],200
O=C(C1=NC([N+]([O-])=O)=NN1C([N+]([O-])=O)([N+]([O-])=O)[N+]([O-])=O)C2=NC([N+]([O-])=O)=NN2C([N+]([O-])=O)([N+]([O-])=O)[N+]([O-])=O,164
O=[N+](OC(C(C(CO[N+]([O-])=O)O[N+]([O-])=O)O[N+]([O-])=O)CO[N+]([O-])=O)[O-],174.3
O=[N+](N(CC([N+]([O-])=O)([N+]([O-])=O)[N+]([O-])=O)CCN(CC([N+]([O-])=O)([N+]([O-])=O)[N+]([O-])=O)[N+]([O-])=O)[O-],127
O=[N+](C1=C(C([N+]([O-])=O)=NN1C[N+]([O-])=O)[N+]([O-])=O)[O-],202
O=[N+](N=C1NNC(N/C(NN2)=C([N+]([O-])=O)/[N+]([O-])=O)C2N1)[O-],123.4
Nc1c([N+](=O)[O-])nnc2c([N+](=O)[O-])c([N+](=O)[O-])nn12,246
O=[N+](N1C2C(N([N+]([O-])=O)C13)N([N+]([O-])=O)C(N([N+]([O-])=O)C3N4[N+]([O-])=O)C4N2CC([N+]([O-])=O)([N+]([O-])=O)[N+]([O-])=O)[O-],212
O=[N+](C1=CN(COCN2N=C(C([N+]([O-])=O)=C2)[N+]([O-])=O)N=C1[N+]([O-])=O)[O-],298
O=[N+](OCC(CO[N+]([O-])=O)(CO[N+]([O-])=O)CO[N+]([O-])=O)[O-],175
[O-]/[N+](C1=NON=C1[N+]([O-])=O)=N\N2N=C([N+]([O-])=O)N=C2,227
O=[N+](C([N+]([O-])=O)([N+]([O-])=O)CNC1=NC2=NON=C2N=C1NCC([N+]([O-])=O)([N+]([O-])=O)[N+]([O-])=O)[O-],190
O=[N+](C([N+]([O-])=O)([N+]([O-])=O)C1=NNC(C2=NC(C([N+]([O-])=O)([N+]([O-])=O)[N+]([O-])=O)=NN2)=N1)[O-],148
NN1C(N)=C([N+]([O-])=O)C([N+]([O-])=O)=N1,254
NN1C(N(C=N2)N=C2[N+]([O-])=O)=NC([N+]([O-])=O)=N1,242
O=[N+](OCC(O[N+]([O-])=O)C(CO[N+]([O-])=O)O[N+]([O-])=O)[O-],167
CN([N+]([O-])=O)C[N+]1=NN([O-])C2=CC([N+]([O-])=O)=CC([N+]([O-])=O)=C21,147
NC(C([N+]([O-])=O)=NN1N)=C1[N+]([O-])=O,241
CN([N+]([O-])=O)CN(N=NN/1)C1=N\[N+]([O-])=O,119
N/C(NC(C)C)=N\[N+]([O-])=O,189.1
O=[N+](C1=C(NC2=NC(N=[N+]=[N-])=NC(N=[N+]=[N-])=N2)C([N+]([O-])=O)=CC([N+]([O-])=O)=C1)[O-],161
O=[N+](NC1=NN=C2N=NC(NC3=NON=C3N[N+]([O-])=O)=NN21)[O-],125
[O-]/[N+](C1=NON=C1/[N+]([O-])=N/[N+]([O-])=O)=N\[N+]([O-])=O,91.82
[O-]N1C2=C(N)C([N+]([O-])=O)=C(N)C([N+]([O-])=O)=C2[NH+]=N1,257
NC1=NN=NN1CCO[N+]([O-])=O,163
[O-]C1=C([N+]#N)C([N+]([O-])=O)=NN1CCN2N=C([N+]([O-])=O)C([N+]#N)=C2[O-],247
ON1N=C([N+]([O-])=O)C([N+]([O-])=O)=C1[N+]([O-])=O,146
NC1=NN/C(O1)=N/[N+]([O-])=O,153
NC1=C([N+]([O-])=O)C(N)=C([N+]([O-])=O)C(N2C3=NON=C3C4=NON=C4C5=NON=C25)=C1[N+]([O-])=O,290
N#[N+]C1=NC(C([N+]([O-])=O)([N+]([O-])=O)[N+]([O-])=O)=N[N-]1,127
O=C(NC(N[N+]([O-])=O)=O)NCC([N+]([O-])=O)([N+]([O-])=O)[N+]([O-])=O,114
O=[N+](C(CN([N+]([O-])=O)C1=NON=C1C2=NOC(C3=NC(C4=NON=C4N([N+]([O-])=O)CC([N+]([O-])=O)([N+]([O-])=O)[N+]([O-])=O)=NO3)=N2)([N+]([O-])=O)[N+]([O-])=O)[O-],151.5
ON1N=C([N+]([O-])=O)N=C1C2=NC([N+]([O-])=O)=NN2O,191
CC1=CC(C)=NC2=NC([N+]([O-])=O)=NN12,269
NC1=C([N+]([O-])=O)N=NN1C2=NN=NN2,233
O=[N+](C1([N+]([O-])=O)[C@@H]2C[C@H](C[C@H]1C3([N+]([O-])=O)[N+]([O-])=O)C([N+]([O-])=O)([N+]([O-])=O)[C@H]3C2)[O-],254
O=[N+](C1=NNC(C2=CC([N+]([O-])=O)=NN2)=C1)[O-],376
O=[N+](/N=C1N(CC2=NN=NN2)N=NN/1)[O-],178
O=[N+](C1=CNN=C1C2=NC([N+]([O-])=O)=NN2)[O-],278
O=[N+](C1=NNC(/N=N/C2=NC([N+]([O-])=O)=NN2)=N1)[O-],289
O=[N+](C(CNC1=NNC=N1)([N+]([O-])=O)[N+]([O-])=O)[O-],133
O=C(N/N=C/C1=C([N+]([O-])=O)C=C([N+]([O-])=O)C=C1[N+]([O-])=O)N/N=C/C2=C([N+]([O-])=O)C=C([N+]([O-])=O)C=C2[N+]([O-])=O,203
N=C(N/N=C/C1=C([N+]([O-])=O)C=C([N+]([O-])=O)C=C1[N+]([O-])=O)N/N=C/C2=C([N+]([O-])=O)C=C([N+]([O-])=O)C=C2[N+]([O-])=O,180
O=[N+](C1=NNC(C2=C([N+]([O-])=O)C([N+]([O-])=O)=NN2)=C1[N+]([O-])=O)[O-],243
O=[N+](OC1(CC2(O[N+]([O-])=O)C3)CC(C2)(O[N+]([O-])=O)CC3(O[N+]([O-])=O)C1)[O-],173
O=[N+](C1=NN=C([C-]1[N+]#N)[N+]([O-])=O)[O-],154
CN([N+]([O-])=O)CNC(NCN([N+]([O-])=O)C)=O,162
O=C(OCC([N+]([O-])=O)([N+]([O-])=O)[N+]([O-])=O)C1=C([N+]([O-])=O)C=C(C(OCC([N+]([O-])=O)([N+]([O-])=O)[N+]([O-])=O)=O)C([N+]([O-])=O)=C1,192.5
O=[N+](C1([N+]([O-])=O)[C@@H]2N([N+]([O-])=O)[C@H]3C([N+]([O-])=O)([N+]([O-])=O)[C@H](N([N+]([O-])=O)[C@@H]1C3)C2)[O-],235
O=[N+]([O-])c1n[nH]c(CO)n1,187.39
O=[N+](C1=NN(N[N+]([O-])=O)C2=C1N(N[N+]([O-])=O)N=C2[N+]([O-])=O)[O-],128
O=[N+](OCCC1=CC(C2=NOC(CCO[N+]([O-])=O)=C2)=NO1)[O-],200
NC1=C([N+]([O-])=O)N=C([N+]([O-])=O)N1N,190
O=C(NCNC(NCC([N+]([O-])=O)([N+]([O-])=O)[N+]([O-])=O)=O)NCC([N+]([O-])=O)([N+]([O-])=O)[N+]([O-])=O,199
NC1=NON=C1C2=NC(N[N+]([O-])=O)=NN2,195
O=[N+](C1=NN(CCN2N=C([N+]([O-])=O)N=C2N[N+]([O-])=O)C(N[N+]([O-])=O)=N1)[O-],107
O=[N+](NC1=NNC(C2=NON=C2/N=N\C3=NON=C3C4=NC(N[N+]([O-])=O)=NN4)=N1)[O-],174
Nc1c([N+](=O)[O-])cc([N+](=O)[O-])c(N)c1[N+](=O)[O-],300
O=[N+](OCC(O[N+]([O-])=O)C(O[N+]([O-])=O)C(O[N+]([O-])=O)C(O[N+]([O-])=O)CO[N+]([O-])=O)[O-],169.4
O=[N+](C1=NN(COCN2N=C(C=C2[N+]([O-])=O)[N+]([O-])=O)C([N+]([O-])=O)=C1)[O-],299
NC(N/N=C(NC(N)=O)/C([N+]([O-])=O)[N+]([O-])=O)=O,129
CN(CC(N[N+]([O-])=O)=O)[N+]([O-])=O,113
NC1=NC(N)=NC2=C([N+]([O-])=O)C(N[N+]([O-])=O)=NN21,248
NC(NC1=NON=C1[N+]([O-])=O)=O,182
NC1=C([N+]([O-])=O)C([N+]([O-])=O)=NN1NCC([N+]([O-])=O)([N+]([O-])=O)[N+]([O-])=O,105.2
NC1=C([N+]([O-])=O)N(CC2=NN=NN2)N=C1[N+]([O-])=O,208
O=[N+](OC[C@@H]1[C@@H](CO[N+]([O-])=O)[C@@H](CO[N+]([O-])=O)[C@@H]1CO[N+]([O-])=O)[O-],198.4
Nc1nc([N+](=O)[O-])nn1-c1c([N+](=O)[O-])n[nH]c1[N+](=O)[O-],270
NC1=NN=NN1CCN(C(N)=N2)N=C2[N+]([O-])=O,277
O=[N+]([O-])/N=c1\[nH]nc(-c2n[nH]nc2[N+](=O)[O-])[nH]1,168.45
[O-][N+]1=NC(N2C(C([N+]([O-])=O)=CN2)=N1)=O,224
O=[N+](C(COC1=NC(OCC([N+]([O-])=O)([N+]([O-])=O)[N+]([O-])=O)=NC(OCC([N+]([O-])=O)([N+]([O-])=O)[N+]([O-])=O)=N1)([N+]([O-])=O)[N+]([O-])=O)[O-],168.45
O=[N+](C1=C(NN=C1[N+]([O-])=O)C2=NC(C3=C([N+]([O-])=O)C([N+]([O-])=O)=NN3)=NN2)[O-],254
OC1C(O)N/C(N1)=C([N+]([O-])=O)/[N+]([O-])=O,175
O=[N+](CN1C([N+]([O-])=O)=C([N+]([O-])=O)N=C1)[O-],156
O=[N+](C1=C2C(N=NN2)=CC([N+]([O-])=O)=C1)[O-],291
O=[N+](NC1=NC(CN2C(N[N+]([O-])=O)=NN=N2)=NN1)[O-],159
O=[N+](NC1=NNC(C2=NON=C2N[N+]([O-])=O)=N1)[O-],128
NC(N1C(N=N2)=NC([N+]([O-])=O)=N1)=C2[N+]([O-])=O,272
N/C(NN=C)=N/[N+]([O-])=O,170
O=[N+](OCN1N=C(N=C1C2=NC([N+]([O-])=O)=NN2CO[N+]([O-])=O)[N+]([O-])=O)[O-],176
NC1=[NH+]N=C(O1)C2=NON=C2[N-][N+]([O-])=O,132
CN1C([N+]([O-])=O)=C([N+]([O-])=O)N=C1,240
[N-]=c1[nH]nc([C+]([N+](=O)[O-])[N+](=O)[O-])o1,138
NC1=NO/C(N1)=N/[N+]([O-])=O,168
O=[N+]([O-])c1cc([N+](=O)[O-])c(-n2cncn2)c([N+](=O)[O-])c1-n1cncn1,261
O=[N+](C1=NN(/N=N/N2N=C([N+]([O-])=O)C=C2[N+]([O-])=O)C([N+]([O-])=O)=C1)[O-],202.6
O=[N+]([O-])c1cc(-n2cnnn2)nn1C([N+](=O)[O-])([N+](=O)[O-])[N+](=O)[O-],132
O=[N+](C1=C(C2=NC(C3=NOC(C4=C([N+]([O-])=O)C([N+]([O-])=O)=NN4)=N3)=NO2)NN=C1[N+]([O-])=O)[O-],272
CC1=NC(C2=NON=C2NCC([N+]([O-])=O)([N+]([O-])=O)[N+]([O-])=O)=NO1,200
O=[N+]([O-])C(=C1N[C@@H](O)[C@H](O)N1)[N+](=O)[O-],184.81
O=[N+](C([N+]([O-])=O)([N+]([O-])=O)C1=NN([N+]([O-])=O)C=C1)[O-],113
O=[N+](OCC1=C(CO[N+]([O-])=O)N=NN1CC(O[N+]([O-])=O)CN2C(CO[N+]([O-])=O)=C(CO[N+]([O-])=O)N=N2)[O-],141
OC(CCC([N+]([O-])=O)([N+]([O-])=O)[N+]([O-])=O)=O,176
O=C(C(O1)=NN=C1C([N+]([O-])=O)([N+]([O-])=O)[N+]([O-])=O)C(O2)=NN=C2C([N+]([O-])=O)([N+]([O-])=O)[N+]([O-])=O,108
O=[N+](N1CN=C2N(CN([N+]([O-])=O)CC2([N+]([O-])=O)[N+]([O-])=O)C1)[O-],176
NC1=NC(N)=C([N+]([O-])=O)N=N1,225
O=[N+]([O-])Nc1nnc2nnc(/N=N/c3nnc4nnc(N[N+](=O)[O-])nn34)n2n1,170
CN([N+]([O-])=O)CN1N=C([N+]([O-])=O)N=C1[N+]([O-])=O,165
O=C1N=C(OCC([N+]([O-])=O)([N+]([O-])=O)[N+]([O-])=O)N=C(OCC([N+]([O-])=O)([N+]([O-])=O)[N+]([O-])=O)N1,167.3
NC(N=N1)=NN2C1=NN=C2[N+]([O-])=O,213
N/C(NNC(C)=O)=N\[N+]([O-])=O,189
N/C(N/N=C/C1=C([N+]([O-])=O)C=C([N+]([O-])=O)C=C1[N+]([O-])=O)=N\[N+]([O-])=O,182
O=[N+](C1=NNC(C2=NN/C(N2)=N\[N+]([O-])=O)=N1)[O-],150
O=[N+](NC1=NC(/N=N/C2=NOC(N[N+]([O-])=O)=N2)=NO1)[O-],140
NC1=C([N+]([O-])=O)C([N+]([O-])=O)=NN1CCN2N=C([N+]([O-])=O)C([N+]([O-])=O)=C2N,256
NC1=NN=NN1CCN(C=C2[N+]([O-])=O)N=C2[N+]([O-])=O,232
[N-]=[N+]=NC1=NC(N([N+]([O-])=O)CC([N+]([O-])=O)([N+]([O-])=O)[N+]([O-])=O)=NC(N([N+]([O-])=O)CC([N+]([O-])=O)([N+]([O-])=O)[N+]([O-])=O)=N1,145.81
[H][C@]12CCCC[C@@]1([H])N=C(C([N+]([O-])=O)([N+]([O-])=O)[N+]([O-])=O)N2[N+]([O-])=O,113
O=[N+](NC1=NN=C(N1)C2=NNC(C3=NN=C(N[N+]([O-])=O)N3)=C2)[O-],142
O=[N+](OC[C@@H]1[C@H](CO[N+]([O-])=O)[C@H](CO[N+]([O-])=O)[C@@H]1CO[N+]([O-])=O)[O-],194
CN1N=NN=C1NCN([N+]([O-])=O)C,191.73
O=[N+]([O-])N1C(O)=NC2C1N=C(O)N2[N+](=O)[O-],130
CN([N+]([O-])=O)CN1C([N+]([O-])=O)=NN(CN(C)[N+]([O-])=O)C1=O,211
OCCN1N=NN/C1=N\[N+]([O-])=O,138
O=[N+](C([N+]([O-])=O)([N+]([O-])=O)C1=NNC=C1)[O-],104
O=[N+](C1=CC=C(N2N=NN=C2)C=C1)[O-],194
O=[N+](C1=C(C([N+]([O-])=O)=CC([N+]([O-])=O)=C1)C=CC2=C([N+]([O-])=O)C=C([N+]([O-])=O)C=C2[N+]([O-])=O)[O-],359.2
NN1C(CN2N=C([N+]([O-])=O)C(N)=C2[N+]([O-])=O)=NN=C1CN3N=C([N+]([O-])=O)C(N)=C3[N+]([O-])=O,287
O=[N+](C1=C(N2N=C([N+]([O-])=O)C=N2)C([N+]([O-])=O)=C(C)C([N+]([O-])=O)=C1)[O-],297
[N-]=[N+]=NC(N=N1)=NN2C1=NN=C2N[N+]([O-])=O,149
Nc1c(-n2cncn2)c(N)c([N+](=O)[O-])c(N)c1[N+](=O)[O-],307
[N-]=[N+]=Nc1c(-n2cncn2)c(N=[N+]=[N-])c([N+](=O)[O-])c(N=[N+]=[N-])c1[N+](=O)[O-],132
O=[N+](C1=NN2C(NC3=C([N+]([O-])=O)C([N+]([O-])=O)=NN3CC2)=C1[N+]([O-])=O)[O-],307
O=[N+]([O-])c1ncn(C([N+](=O)[O-])[N+](=O)[O-])n1,130.5
O=[N+](NC1=NON=C1C2=NN=C(N=NC3=NN=C(C4=NON=C4N[N+]([O-])=O)O3)O2)[O-],248
[O-][N+]1=C(C2=NON=C2N([N+]([O-])=O)CC([N+]([O-])=O)([N+]([O-])=O)[N+]([O-])=O)C(C3=NON=C3N([N+]([O-])=O)CC([N+]([O-])=O)([N+]([O-])=O)[N+]([O-])=O)=NO1,108
O=[N+](C([N+]([O-])=O)([N+]([O-])=O)CNC1=NN=NN1OCCON2N=NN=C2NCC([N+]([O-])=O)([N+]([O-])=O)[N+]([O-])=O)[O-],147
O=[N+]([N-]N1C=N[N+](CN([N+]([O-])=O)C[N+]2=CN(C=N2)[N-][N+]([O-])=O)=C1)[O-],105
O=[N+]([O-])C(=C1N[C@@H]2CCCC[C@H]2N1)[N+](=O)[O-],235.36
N=c1nc2[nH]nc([N+](=O)[O-])n2c(=N)[nH]1,315
O=[N+](C1=CNN=C1C2=NOC(C3=NNC=C3[N+]([O-])=O)=N2)[O-],314
NC1=NC(N)=C([N+]([O-])=O)N=[N+]1[O-],196
NC1=C([N+]([O-])=O)N(NCC([N+]([O-])=O)([N+]([O-])=O)[N+]([O-])=O)N=C1[N+]([O-])=O,116
O=[N+](C1=CN(C([N+]([O-])=O)([N+]([O-])=O)[N+]([O-])=O)N=C1N2C=NN=N2)[O-],127
O=c1[nH]c(C([N+](=O)[O-])([N+](=O)[O-])[N+](=O)[O-])no1,112
CN(CC(O)=O)[N+]([O-])=O,153
NC1=NC(C2=NNC=C2[N+]([O-])=O)=NN1,281
O=[N+](C1=NNC(C2=NC([N+]([O-])=O)=NN2)=N1)[O-],251
O=[N+](C(CNC1=NON=C1C2=NOC(C3=NC(C4=NON=C4NCC([N+]([O-])=O)([N+]([O-])=O)[N+]([O-])=O)=NO3)=N2)([N+]([O-])=O)[N+]([O-])=O)[O-],187.5
NC(O1)=NN=C1C2=NON=C2[N+]([O-])=O,155
N=C(NCCC)N[N+]([O-])=O,253.1
O=[N+]([O-])c1cc([N+](=O)[O-])c(N=c2[nH]c(=Nc3c([N+](=O)[O-])cc([N+](=O)[O-])cc3[N+](=O)[O-])[nH]c(=Nc3c([N+](=O)[O-])cc([N+](=O)[O-])cc3[N+](=O)[O-])[nH]2)c([N+](=O)[O-])c1,295
O=[N+](C1=C(N[N+]([O-])=O)C([N+]([O-])=O)=NN1CCN2N=C([N+]([O-])=O)C(N[N+]([O-])=O)=C2[N+]([O-])=O)[O-],80
[O-][N+](ON=C1C2CC2)=C1[N+]([O-])=O,210.83
O=[N+]([O-])Nc1nnc(-c2nc(-c3noc(-c4nnc(N[N+](=O)[O-])o4)n3)no2)o1,215
O=C(C1=CC=NC=C1)NNCC([N+]([O-])=O)([N+]([O-])=O)[N+]([O-])=O,112.5
N#CC1=NNC(N[N+]([O-])=O)=N1,130
O=[N+](C1=NON=C1C2=NOC(C3=NC(C4=NON=C4[N+]([O-])=O)=NO3)=N2)[O-],265
O=[N+]([O-])N1CC([N+](=O)[O-])([N+](=O)[O-])C1,241
O=[N+](OC[C@@H]1[C@@H](CO[N+]([O-])=O)[C@H](CO[N+]([O-])=O)[C@H]1CO[N+]([O-])=O)[O-],199.4
N=C(C1=NON=C1N(CCN(C2=NON=C2C(NN)=N)[N+]([O-])=O)[N+]([O-])=O)NN,145
[O-]/[N+](C(C)(C)[N+]([O-])=O)=N\[N+]([O-])=O,102.7
O=[N+](C([N+]([O-])=O)C1=NC(/N=N/C2=NOC(C([N+]([O-])=O)[N+]([O-])=O)=N2)=NO1)[O-],123
NC1=C([N+]([O-])=O)C2=NN=C([N+]([O-])=O)N2N=C1N=[N+]=[N-],216.8
[O-]C1=N[N+](C2=CC=C([N+]([O-])=O)C=C2)=NO1,236
O=[N+](C([N+]([O-])=O)([N+]([O-])=O)N1N=C([N+]([O-])=O)N=C1)[O-],160
O=[N+](NC1=NC(CC2=NOC(N[N+]([O-])=O)=N2)=NO1)[O-],152
[O-][N+]1=NC2=NN=C(N[N+]([O-])=O)N2N=C1N[N+]([O-])=O,114
O=[N+](C1=CN(CCN2N=NN/C2=N\[N+]([O-])=O)N=C1)[O-],136
O=[N+](C([N+]([O-])=O)([N+]([O-])=O)C1=NNC([N+]([O-])=O)=N1)[O-],135
[N-]=[N+]=NC(=O)N[N+](=O)[O-],83
O=[N+](C1=NN(C)C(N=[N+]=[N-])=N1)[O-],161
[N-]=[N+]=NC1=CC=CC([N+]([O-])=O)=C1,164
O=[N+](C([N+]([O-])=O)([N+]([O-])=O)C1=NN(C([N+]([O-])=O)[N+]([O-])=O)N=N1)[O-],70
[O-][N+]1=C(C2=NN=C(/N=N/C3=NN=C(O3)C4=[N+]([O-])ON=C4[N+]([O-])=O)O2)C([N+]([O-])=O)=NO1,193.9
O=C(C1)OCC(COC1=O)([N+]([O-])=O)[N+]([O-])=O,223
O=[N+](C([N+]([O-])=O)([N+]([O-])=O)C1=NC(C2=NOC(C([N+]([O-])=O)([N+]([O-])=O)[N+]([O-])=O)=N2)=NO1)[O-],124
O=[N+]([O-])c1cc([N+](=O)[O-])c2n[n+]3[n-]c4c([N+](=O)[O-])cc([N+](=O)[O-])cc4n3c2c1,410
O=[N+](NC1=NC(C2=NOC(N[N+]([O-])=O)=N2)=NO1)[O-],137
NC(NO/1)=NC1=N/[N+]([O-])=O,150
NN1N=NC([N+]([O-])=O)=C1,175
O=[N+](C([N+]([O-])=O)([N+]([O-])=O)C1=NC(/N=N/C2=NNC(C([N+]([O-])=O)([N+]([O-])=O)[N+]([O-])=O)=N2)=NN1)[O-],150
O=[N+](NCC(CN[N+]([O-])=O)(COCC(CN[N+]([O-])=O)(CN[N+]([O-])=O)CN[N+]([O-])=O)CN[N+]([O-])=O)[O-],183
NC(C([N+]([O-])=O)=NN1CCN2N=NN=C2N)=C1[N+]([O-])=O,257
O=C1NC2=C([N+]([O-])=O)C([N+]([O-])=O)=C([N+]([O-])=O)C([N+]([O-])=O)=C2N1,255
[O-][N+]1=C([N+]([O-])=O)C(/N=N\C2=NO[N+]([O-])=C2[N+]([O-])=O)=NO1,212.5
O=[N+](C(C([N+]([O-])=O)=NN1)=C1C2=NOC(C3=C([N+]([O-])=O)C([N+]([O-])=O)=NN3)=N2)[O-],274
O=[N+](OCC1=NC(C2=NOC(CO[N+]([O-])=O)=N2)=NO1)[O-],183
NC1=NN(N)N=C1[N+]([O-])=O,212
O=[N+](C([N+]([O-])=O)([N+]([O-])=O)C1=NCN([N+]([O-])=O)CN1[N+]([O-])=O)[O-],141
OCCCC([N+]([O-])=O)([N+]([O-])=O)CCCO,163.42
O=[N+](C1=CN([N+]([O-])=O)N=C1C2=NN([N+]([O-])=O)C=C2[N+]([O-])=O)[O-],206
NC(O1)=NN=C1C2=[N+]([O-])ON=C2[N+]([O-])=O,150
NC1=NC(N[N+]([O-])=O)=NC2=NC(N[N+]([O-])=O)=NN21,189
CN([N+]([O-])=O)CN1N=NC2=CC([N+]([O-])=O)=CC([N+]([O-])=O)=C21,179
ON1C(C2=NNC(N[N+]([O-])=O)=N2)=NN=N1,116
O=[N+](/N=C1N(C)N=NN/1)[O-],176
NN1C(C2=NC([N+]([O-])=O)=NN2N)=NC([N+]([O-])=O)=N1,271
O=[N+]([O-])N(CC([N+](=O)[O-])([N+](=O)[O-])[N+](=O)[O-])c1nonc1/N=N\c1nonc1N(CC([N+](=O)[O-])([N+](=O)[O-])[N+](=O)[O-])[N+](=O)[O-],159
O=[N+](C1=C(/C=N/NC2=NN=C(N/N=C/C3=C([N+]([O-])=O)C=C([N+]([O-])=O)C=C3[N+]([O-])=O)N=N2)C([N+]([O-])=O)=CC([N+]([O-])=O)=C1)[O-],230
O=[N+](OCC1=CC(C2=NOC(CO[N+]([O-])=O)=C2)=NO1)[O-],154
O=[N+](C(C1=NC(C([N+]([O-])=O)([N+]([O-])=O)[N+]([O-])=O)=NN1)[N+]([O-])=O)[O-],143
O=[N+](NC1=NON=C1NC2=NN=C(NC3=NON=C3N[N+]([O-])=O)N=N2)[O-],149
O=[N+](C([N+]([O-])=O)([N+]([O-])=O)C1=NC=CC=C1)[O-],114
O=[N+](C([N+]([O-])=O)([N+]([O-])=O)C1=CC=CC(C#N)=N1)[O-],106
O=[N+](/N=C1NC(/N=N/C(N/2)=NNC2=N/[N+]([O-])=O)=NN/1)[O-],209
O=[N+](C1=C2N(N=C1[N+]([O-])=O)CCN3C2=C(C([N+]([O-])=O)=N3)[N+]([O-])=O)[O-],261
NC(N=N1)=NN2C1=NN=C2N[N+]([O-])=O,241
O=[N+](C1=NN(CCN2N=NN/C2=N/[N+]([O-])=O)C(N[N+]([O-])=O)=N1)[O-],96
Nc1c(-n2cncn2)c(-n2cncn2)c([N+](=O)[O-])c(N)c1[N+](=O)[O-],314
O=[N+](N1C2N([N+]([O-])=O)C3C1N(CN=[N+]=[N-])C4C(N3[N+]([O-])=O)N([N+]([O-])=O)C2N4[N+]([O-])=O)[O-],206
CN([N+]([O-])=O)CN1C([N+]([O-])=O)=C([N+]([O-])=O)N=C1,190
CN(C(C([N+]([O-])=O)=NN1N)=C1[N+]([O-])=O)[N+]([O-])=O,176
O=[N+](CN1N=C(C(C2=NN=NN2)=N1)C3=NN=NN3)[O-],281
O=[N+](C1=CN([N+]([O-])=O)N=C1C2=NN=C(C3=NN=C(C4=NN([N+]([O-])=O)C=C4[N+]([O-])=O)O3)O2)[O-],186
N#CC1=NNC([N+]([O-])=O)=N1,196
O=[N+](C1=CN(N=N1)/N=N/N2C=C([N+]([O-])=O)N=N2)[O-],160
O=C(OCC#CCOC(N[N+]([O-])=O)=O)N[N+]([O-])=O,149
O=[N+](/C([N+]([O-])=O)=C1NCCCN/1)[O-],240.03
O=C(OCC([N+]([O-])=O)([N+]([O-])=O)[N+]([O-])=O)C1=C([N+]([O-])=O)C=C([N+]([O-])=O)C=C1[N+]([O-])=O,193
O=C1NNC(N1NCC([N+]([O-])=O)([N+]([O-])=O)[N+]([O-])=O)=O,235
Cc1c([N+](=O)[O-])c2cc(c1[N+](=O)[O-])Oc1cc(c([N+](=O)[O-])cc1[N+](=O)[O-])Oc1cc(c([N+](=O)[O-])c(C)c1[N+](=O)[O-])Oc1cc(c([N+](=O)[O-])cc1[N+](=O)[O-])O2,358.23
O=[N+](C1=CNN=C1C2=NN/C(N2)=N\[N+]([O-])=O)[O-],205
NC1=NC(C2=NC([N+]([O-])=O)=NN2)=NN1,255
O=[N+](/C([N+]([O-])=O)=C1NCN(CC([N+]([O-])=O)([N+]([O-])=O)[N+]([O-])=O)CN\1)[O-],137
O=[N+](C1=C(NC(N=C(NC2=C([N+]([O-])=O)C=C([N+]([O-])=O)C=C2[N+]([O-])=O)C([N+]([O-])=O)=C3)=C3[N+]([O-])=O)C([N+]([O-])=O)=CC([N+]([O-])=O)=C1)[O-],360
NC1=NC(C2=[N+]([O-])ON=C2[N+]([O-])=O)=NO1,176
NN1C(N=[N+]=[N-])=C([N+]([O-])=O)C([N+]([O-])=O)=N1,121
O=[N+](N(CN([N+]([O-])=O)C1=NON=C1C(O)=O)C2=NON=C2C(O)=O)[O-],115
O=[N+](C1=C(C2=C([N+]([O-])=O)NN=C2[N+]([O-])=O)NN=C1C3=C([N+]([O-])=O)NN=C3[N+]([O-])=O)[O-],300
O=[N+](C([N+]([O-])=O)([N+]([O-])=O)C1=NN=C(C([N+]([O-])=O)([N+]([O-])=O)[N+]([O-])=O)O1)[O-],102
NN1N=NC([N+]([O-])=O)=N1,140
O=[N+](C1=NON=C1OC2=NON=C2OC3=NON=C3[N+]([O-])=O)[O-],156.4
O=[N+](C1=NN(C([N+]([O-])=O)=C1[N+]([O-])=O)CN2C([N+]([O-])=O)=C([N+]([O-])=O)C([N+]([O-])=O)=N2)[O-],205
O=C(NN=C1[N+]([O-])=O)[C-]1[N+]#N,151
O=C(C1[N+]([O-])=O)OCC(COC1=O)([N+]([O-])=O)[N+]([O-])=O,169
O=[N+](/N=C(N1)\NN=C1CC(N/2)=NNC2=N/[N+]([O-])=O)[O-],242
NC1=NC([N+]([O-])=O)=NN1NCC([N+]([O-])=O)([N+]([O-])=O)[N+]([O-])=O,108
N/C(NN)=C([N+]([O-])=O)\C1=NN=NN1,237
O=[N+](C1=NN(C([N+]([O-])=O)([N+]([O-])=O)[N+]([O-])=O)C([N+]([O-])=O)=C1)[O-],143
Nc1c([N+](=O)[O-])c(-n2cncn2)c([N+](=O)[O-])c(-n2cncn2)c1[N+](=O)[O-],298.3
CC1=[N+]([O-])ON=C1[N+]([O-])=O,188
CN(Cn1nc([N+](=O)[O-])nc1N)[N+](=O)[O-],224
[O-]C1=N[N+](C2=CC=C([N+]([O-])=O)C=C2[N+]([O-])=O)=NO1,150.5
O=C(OCC(COC(N)=O)([N+]([O-])=O)[N+]([O-])=O)N,182
O=[N+](NC1=NON=C1/N=N/C2=NON=C2N[N+]([O-])=O)[O-],122
NC1=NNC(C2=C([N+]([O-])=O)C(C3=NC(N)=NN3)=NN2)=N1,353.6
NC1=NN=NN1CCN(N=N2)N=C2[N+]([O-])=O,234
O=C(N[N+]([O-])=O)NC1=NON=C1NC(N[N+]([O-])=O)=O,140
O=[N+](C(CNN1C=NN=C1)([N+]([O-])=O)[N+]([O-])=O)[O-],126
NC1=C([N+]([O-])=O)C2=NON=C2[N+]([O-])=N1,175
O=[N+](NC1=NC(C2=NNN=C2C3=NNC(N[N+]([O-])=O)=N3)=NN1)[O-],165
NN1C([N+]([O-])=O)=CC([N+]([O-])=O)=N1,225
NC([N+]([O-])=N1)=NN2C1=NN=C2N[N+]([O-])=O,182
N/C(N)=C([N+]([O-])=O)\C1=NN=NN1,275
O=[N+](/N=C1N(N[N+]([O-])=O)N=NN/1)[O-],110
NN1C=NC([N+]([O-])=O)=N1,306
NC1=NON=C1CC2=NC(N[N+]([O-])=O)=NN2,196.3
O=[N+](C1=NN([N+]([O-])=O)C2=C1N([N+]([O-])=O)N=C2[N+]([O-])=O)[O-],145
CC1=NC(C2=NON=C2N([N+]([O-])=O)CC([N+]([O-])=O)([N+]([O-])=O)[N+]([O-])=O)=NO1,172
NC(C([N+]([O-])=O)=N1)=C([N+]([O-])=O)N1CN2C([N+]([O-])=O)=C(N)C([N+]([O-])=O)=N2,310
NC1=NC([N+]([O-])=O)=NN1,227
[O-][N+](ON=C1[N+]([O-])=O)=C1/N=N/C2=[N+](ON=C2[N+]([O-])=O)[O-],116
O=[N+](C1=C([N+]([O-])=O)C([N+]([O-])=O)=NN1CC2=NNC(CN3N=C([N+]([O-])=O)C([N+]([O-])=O)=C3[N+]([O-])=O)=N2)[O-],218
O=[N+](OCC1=NC(C2=NON=C2N[N+]([O-])=O)=NO1)[O-],200
O=[N+](NC1=C([N+]([O-])=O)C([N+]([O-])=O)=NN1)[O-],135
O=[N+]([O-])N(CC([N+](=O)[O-])([N+](=O)[O-])[N+](=O)[O-])c1nonc1C1=NOC(c2nonc2N(CC([N+](=O)[O-])([N+](=O)[O-])[N+](=O)[O-])[N+](=O)[O-])=NO1,119
[O-][N+]1=N[N+]([O-])=NC2=C([N+]([O-])=O)C=C([N+]([O-])=O)C=C21,204
[N-]=[N+]=Nc1c([N+](=O)[O-])ncn1N,144
CC(C([N+]([O-])=O)=CC([N+]([O-])=N[N+]([O-])=O)=C1)=C1[N+]([O-])=O,137
CN1C([N+]([O-])=O)=NC(C([N+]([O-])=O)([N+]([O-])=O)[N+]([O-])=O)=N1,153
NC1=C([N+]([O-])=O)C2=NON=C2N=N1,186
Cc1nonc1N(CC([N+](=O)[O-])([N+](=O)[O-])[N+](=O)[O-])[N+](=O)[O-],138
O=[N+](C1=NNC=N1)[O-],217
NC1=C(N=NN2)C2=C(C=C1[N+]([O-])=O)[N+]([O-])=O,341
O=[N+](OC[C@@H]1[C@H](CO[N+]([O-])=O)[C@@H](CO[N+]([O-])=O)[C@@H]1CO[N+]([O-])=O)[O-],186.2
O=[N+](C1=NON=C1N=[N+]=[N-])[O-],135
CN([N+]([O-])=O)CN1C([N+]([O-])=O)=NNC1=O,151
O=[N+](OCC1=NC(C2=NON=C2/N=N\C3=NON=C3C4=NOC(CO[N+]([O-])=O)=N4)=NO1)[O-],120
O=[N+](C([N+]([O-])=O)([N+]([O-])=O)CNC1=NN=NN1CCO)[O-],146
O=[N+](OC1(O[N+]([O-])=O)COC1)[O-],93
CN1N=NN=C1N([N+]([O-])=O)CN([N+]([O-])=O)C,132.5
O=[N+](C([N+]([O-])=O)([N+]([O-])=O)C1=NNC=C1[N+]([O-])=O)[O-],154
CN1N=C([N+]([O-])=O)C(N=[N+]=[N-])=N1,181
CN1C([N+]([O-])=O)=C([N+]([O-])=O)N=C1C2=NC([N+]([O-])=O)=C([N+]([O-])=O)N2C,258
O=[N+](NCC(O[N+]([O-])=O)CN[N+]([O-])=O)[O-],168
NC1=C([N+]([O-])=O)C=C([N+]([O-])=O)C(N2C3=NON=C3C4=NON=C4C5=NON=C25)=C1[N+]([O-])=O,328
O=[N+](C([N+]([O-])=O)C1=NON=C1/N=N/C2=NON=C2C([N+]([O-])=O)[N+]([O-])=O)[O-],140
O=[N+](C1=NOC(/N=C2NCN([N+]([O-])=O)CN/2)=N1)[O-],195
O=[N+](/N=C1NC(N/C(N2)=N/[N+]([O-])=O)C2N\1)[O-],184
O=[N+]([O-])C(=C1NN=NN1)[N+](=O)[O-],92
CN([N+]([O-])=O)CN([N+]([O-])=O)C1=NON=C1[N+]([O-])=O,126
Cn1c(C([N+](=O)[O-])([N+](=O)[O-])[N+](=O)[O-])noc1=O,119
[N-]=[N+]=Nc1nc(OCC([N+](=O)[O-])([N+](=O)[O-])[N+](=O)[O-])nc(OCC([N+](=O)[O-])([N+](=O)[O-])[N+](=O)[O-])n1,169.9
NC1=NC2=C([N+]([O-])=O)N=NN2N=C1N,256
[O-]/[N+](C/[N+]([O-])=N/[N+]([O-])=O)=N\C(C)(C)C,87
N=C(N)N[N+](=O)[O-],150
NC(NC(C([N+]([O-])=O)=NN1)=C1[N+]([O-])=O)=N,308
NC1=C([N+]([O-])=O)N(C2=C([N+]([O-])=O)C=C([N+]([O-])=O)C=C2[N+]([O-])=O)N=C1[N+]([O-])=O,237.5
O=[N+](/N=C(N1)\NN=C1C(N/2)=NNC2=N/[N+]([O-])=O)[O-],194
[O-][N+]1=C(N[N+]([O-])=O)C(C2=NO[N+]([O-])=C2N[N+]([O-])=O)=NO1,73
O/N=C(N=[N+]=[N-])/C1=NNC(N[N+]([O-])=O)=N1,65
OC1=C(/C=N/O)C=C([N+]([O-])=O)C=C1,192
N/C(NC(N)=O)=C([N+]([O-])=O)\[N+]([O-])=O,209
O=C(NNCC([N+]([O-])=O)([N+]([O-])=O)[N+]([O-])=O)NNCC([N+]([O-])=O)([N+]([O-])=O)[N+]([O-])=O,118.11
CN1C([N+]([O-])=O)=C([N+]([O-])=O)C([N+]([O-])=O)=N1,196
O=[N+](C(C=C1[N+]([O-])=O)=NN1C2=NNC=N2)[O-],300
N=C(NN)C1=NON=C1N([N+]([O-])=O)CN([N+]([O-])=O)C2=NON=C2C(NN)=N,138
O=[N+](C1=NNC([N+]([O-])=O)=C1C2=NC(C3=NNC(C4=C([N+]([O-])=O)NN=C4[N+]([O-])=O)=N3)=NN2)[O-],372
N/C(N)=C([N+]([O-])=O)\C1=NC=NN1,267
NC1=NC(OCC([N+]([O-])=O)([N+]([O-])=O)[N+]([O-])=O)=NC(OCC([N+]([O-])=O)([N+]([O-])=O)[N+]([O-])=O)=N1,148.6
OC1=C([N+]([O-])=O)C(/C=C/C2=C([N+]([O-])=O)C(/C=C/C3=C([N+]([O-])=O)C(O)=C([N+]([O-])=O)C=C3[N+]([O-])=O)=C([N+]([O-])=O)C=C2[N+]([O-])=O)=C([N+]([O-])=O)C=C1[N+]([O-])=O,268.3
O=[N+](C1=NON=C1C2=NNC(C3=NC(C4=NON=C4[N+]([O-])=O)=NN3)=N2)[O-],298
O=[N+](C1=NN([N+]([O-])=O)C=C1)[O-],171
N/C(NO)=C([N+]([O-])=O)/[N+]([O-])=O,74.5
O=[N+]([O-])/N=c1/[nH]nc(-c2n[nH]c(-c3n[nH]/c(=N/[N+](=O)[O-])[nH]3)c2[N+](=O)[O-])[nH]1,134.4
Nc1nonc1Nc1c([N+](=O)[O-])cc([N+](=O)[O-])cc1[N+](=O)[O-],205.35
O=[N+](C(C([N+]([O-])=O)=NN1)=C1C2=NNC(C3=NC(C4=C([N+]([O-])=O)C([N+]([O-])=O)=NN4)=NN3)=N2)[O-],276
N/C(C([N+]([O-])=O)[N+]([O-])=O)=N\N=C\C=N\N=C(N)\C([N+]([O-])=O)[N+]([O-])=O,225
O=[N+](N(CC1=NN=NN1)CC2=NN=NN2)[O-],198
O=[N+](C(CN([N+]([O-])=O)N1C=NN=C1)([N+]([O-])=O)[N+]([O-])=O)[O-],102
O=[N+](C1=NNN=C1C(N2)=NNC2=N[N+]([O-])=O)[O-],168.01
O=[N+](C([N+]([O-])=O)([N+]([O-])=O)CNC1=NC(C2=NON=C2NCC([N+]([O-])=O)([N+]([O-])=O)[N+]([O-])=O)=NN1)[O-],168
O=C(N1)ON=C1C2=NON=C2NCC([N+]([O-])=O)([N+]([O-])=O)[N+]([O-])=O,161.1
O=[N+](C([N+]([O-])=O)C1=NNC(C2=NON=C2/N=N/C3=NON=C3C4=NC(C([N+]([O-])=O)[N+]([O-])=O)=NN4)=N1)[O-],120
Nc1nn2nnnc2c(N)c1[N+](=O)[O-],287
O=[N+](C1=NNC([N+]([O-])=O)=C1C2=NN=C(C3=NN=C(O3)C4=C([N+]([O-])=O)NN=C4[N+]([O-])=O)O2)[O-],341
O=[N+](C1=C(C([N+]([O-])=O)=NN1)NC2=NN=NN2)[O-],279
O=[N+](C1=CNN=C1C2=NC(C3=NOC(C4=NNC=C4[N+]([O-])=O)=N3)=NO2)[O-],317
O=C(C(NCCO[N+]([O-])=O)=O)NCCO[N+]([O-])=O,182
Nc1c([N+](=O)[O-])c([N+](=O)[O-])nn1-c1nnn[nH]1,222
[O-][N+](ON=C1C2=NO[N+]([O-])=C2C)=C1[N+]([O-])=O,128.7
O=C(NCC([N+]([O-])=O)([N+]([O-])=O)[N+]([O-])=O)NCC([N+]([O-])=O)([N+]([O-])=O)[N+]([O-])=O,142
Nc1c([N+](=O)[O-])c([N+](=O)[O-])nn2nnnc12,202
NC1=C([N+]([O-])=O)N=C([N+]([O-])=O)C(N)=[N+]1[O-],242
O=C1N([N+]([O-])=O)C2N([N+]([O-])=O)C3C(N([N+]([O-])=O)C(N3[N+]([O-])=O)=O)N([N+]([O-])=O)C2N1[N+]([O-])=O,120
O=[N+](N1N=C2C3=NN([N+]([O-])=O)N=C3C4=NN([N+]([O-])=O)N=C4C2=N1)[O-],205.43
O=[N+]([O-])c1ccc(O)cc1,280
O=[N+](C1=C(N=[N+]=[N-])C([N+]([O-])=O)=NN1CCN2N=C([N+]([O-])=O)C(N=[N+]=[N-])=C2[N+]([O-])=O)[O-],135
O=[N+](C1=C(N[N+]([O-])=O)C([N+]([O-])=O)=NN1CC2=NNC(CN3N=C([N+]([O-])=O)C(N[N+]([O-])=O)=C3[N+]([O-])=O)=N2)[O-],122
NC1=NC([N+]([O-])=O)=NN1CCN2N=C([N+]([O-])=O)N=C2N,307
O=[N+](NCCN[N+]([O-])=O)[O-],183
[O-][N+]1=C(C(N=[N+]=[N-])=NO1)C2=NO[N+]([O-])=C2[N+]([O-])=O,118.9
NC(N1N[N+]([O-])=O)=NN=C1C2=NNN=C2[N+]([O-])=O,221
O=[N+]([O-])N(CC([N+](=O)[O-])([N+](=O)[O-])[N+](=O)[O-])c1nonc1N(CC([N+](=O)[O-])([N+](=O)[O-])[N+](=O)[O-])[N+](=O)[O-],127
NC1=NC(N2N=C([N+]([O-])=O)C=C2[N+]([O-])=O)=NN1,256
CN1N=NN/C1=N/[N+]([O-])=O,125
O=[N+](/C([N+]([O-])=O)=C1NCCCCN/1)[O-],203
O=[N+]([O-])c1cn(NCC([N+](=O)[O-])([N+](=O)[O-])[N+](=O)[O-])c([N+](=O)[O-])n1,172
O=[N+](N(CN(C1=NON=C1C2=NOC=N2)[N+]([O-])=O)C3=NON=C3C4=NOC=N4)[O-],149
O=[N+](C(N=CN1COCN2C=NC([N+]([O-])=O)=C2[N+]([O-])=O)=C1[N+]([O-])=O)[O-],270
NC1=C([N+]([O-])=O)C(N=[N+]=[N-])=NN1,157
O=[N+](C1=NNC(N[N+]([O-])=O)=N1)[O-],135
O=[N+](C([N+]([O-])=O)([N+]([O-])=O)CNC1=NN=NN1OC)[O-],148
Nc1nonc1Nc1ccc([N+](=O)[O-])c2nonc12,252
O=[N+](C1=NN2C(C3=NC([N+]([O-])=O)=NN3CCC2)=N1)[O-],328
O=[N+](C1=NN2C(N(N[N+]([O-])=O)C3=C([N+]([O-])=O)C([N+]([O-])=O)=NN3C2)=C1[N+]([O-])=O)[O-],117
O=[N+](OCCN1N=NC(/N=N/C2=NN(CCO[N+]([O-])=O)N=N2)=N1)[O-],155
NC1=N[N+]([O-])=NC2=C([N+]([O-])=O)C=NN21,302
O=[N+](C([N+]([O-])=O)C1=NN=C(C([N+]([O-])=O)[N+]([O-])=O)O1)[O-],86
O=[N+](C([N+]([O-])=O)C1=NN(CN2C=NC(C([N+]([O-])=O)[N+]([O-])=O)=N2)C=N1)[O-],98
O=[N+](C(COC(OCC([N+]([O-])=O)([N+]([O-])=O)[N+]([O-])=O)OCC([N+]([O-])=O)([N+]([O-])=O)[N+]([O-])=O)([N+]([O-])=O)[N+]([O-])=O)[O-],192
O=[N+](NC(N=N1)=NN2C1=NN=C2N[N+]([O-])=O)[O-],138
CN([N+]([O-])=O)CN1N=C([N+]([O-])=O)C=C1[N+]([O-])=O,210
N/C(NNC(CC(NN/C(N)=N/[N+]([O-])=O)=O)=O)=N\[N+]([O-])=O,180
O=[N+]([O-])c1nnn(C(CO)([N+](=O)[O-])[N+](=O)[O-])n1,123.9
NC1=NC([N+]([O-])=O)=NN1C2=NN=C(N3C(N)=NC([N+]([O-])=O)=N3)N=N2,281.6
O=[N+](C(C=C1[N+]([O-])=O)=CC([N+]([O-])=O)=C1N2C3=NON=C3C4=NON=C4C5=NON=C52)[O-],311
O=[N+](C(C1=NN=NN1)C2=NN=NN2)[O-],238
O=[N+](C1=NN(NCC([N+]([O-])=O)([N+]([O-])=O)[N+]([O-])=O)C=C1[N+]([O-])=O)[O-],110
[N-]=[N+]=NC1=NON=C1N([N+]([O-])=O)CN([N+]([O-])=O)C2=NON=C2N=[N+]=[N-],151.14
O=[N+]([O-])c1nnn(C([N+](=O)[O-])[N+](=O)[O-])n1,109.3
O=[N+](C1=C([N+]([O-])=O)C([N+]([O-])=O)=NN1CCN2N=C([N+]([O-])=O)C([N+]([O-])=O)=C2[N+]([O-])=O)[O-],250
O=[N+](C(C1=NCOCN1[N+]([O-])=O)([N+]([O-])=O)[N+]([O-])=O)[O-],140
O=[N+](C1=NON=C1C2=NOC=N2)[O-],157.7
O=[N+](/N=C1N(CCN2N=C([N+]([O-])=O)C([N+]([O-])=O)=C2N[N+]([O-])=O)N=NN/1)[O-],88
O=[N+](C1=C([N+]([O-])=O)N(N[N+]([O-])=O)C(C2=NC([N+]([O-])=O)=C([N+]([O-])=O)N2N[N+]([O-])=O)=N1)[O-],116
Cn1c([N+](=O)[O-])c([N+](=O)[O-])c([N+](=O)[O-])c1[N+](=O)[O-],196
N=C(N[N+]([O-])=O)NC(C([N+]([O-])=O)=NN1)=C1[N+]([O-])=O,233
O=[N+]([O-])c1ncn(NCC([N+](=O)[O-])([N+](=O)[O-])[N+](=O)[O-])c1[N+](=O)[O-],171
O=[N+](C([N+]([O-])=O)([N+]([O-])=O)C1=NNC(/N=N/C2=NC(C([N+]([O-])=O)([N+]([O-])=O)[N+]([O-])=O)=NN2)=N1)[O-],117
O=[N+](CC1=NN=C(O1)C2=NON=C2N[N+]([O-])=O)[O-],93
CC1=NC(C([N+]([O-])=O)([N+]([O-])=O)[N+]([O-])=O)=NO1,190
CN([N+]([O-])=O)CN1N=C([N+]([O-])=O)C(N)=C1[N+]([O-])=O,165
CN([N+]([O-])=O)CCO[N+]([O-])=O,180
CN([N+]([O-])=O)CN1N=C(C([N+]([O-])=O)([N+]([O-])=O)[N+]([O-])=O)N=N1,134
CCOC(CNCC([N+]([O-])=O)([N+]([O-])=O)[N+]([O-])=O)=O,122
O=c1n(CO[N+](=O)[O-])c2nc3nonc3nc2n1CO[N+](=O)[O-],190
O=[N+](NC1=NON=C1C2=NC(C([N+]([O-])=O)([N+]([O-])=O)[N+]([O-])=O)=NN2)[O-],67
