smiles,Td,pred_Td,dev_Td
O=[N+](CN1N=C(C(C2=NN=NN2)=N1)C3=NN=NN3)[O-],281,247.8646293,-33.13537074
N/C(N)=C([N+]([O-])=O)\C1=NC=NC(N)=N1,276,253.2897695,-22.71023053
N/C(N)=C([N+]([O-])=O)\C1=NN=NN1,275,241.410873,-33.58912703
N/C(N)=C([N+]([O-])=O)\[N+]([O-])=O,274,207.0719476,-66.92805244
N/C(N)=C([N+]([O-])=O)\C1=NC=NN1,267,274.9763348,7.976334809
O=[N+](C1([N+]([O-])=O)[C@@H]2C[C@H](C[C@H]1C3([N+]([O-])=O)[N+]([O-])=O)C([N+]([O-])=O)([N+]([O-])=O)[C@H]3C2)[O-],254,244.590497,-9.409502983
NC1=NNC(C2=NN=C(C[N+]([O-])=O)O2)=N1,249.6,238.9005388,-10.69946123
O=[N+](C1=C(C2=NN=C(C[N+]([O-])=O)O2)C([N+]([O-])=O)=CC([N+]([O-])=O)=C1)[O-],243.2,208.1443108,-35.05568918
O=C(OCC([N+]([O-])=O)([N+]([O-])=O)COC(CC)=O)CC,243,218.8470028,-24.15299716
CC(OCC([N+]([O-])=O)([N+]([O-])=O)COC(C)=O)=O,241,212.4623124,-28.53768758
O=[N+]([O-])N1CC([N+](=O)[O-])([N+](=O)[O-])C1,241,207.1587764,-33.84122362
O=[N+](/C([N+]([O-])=O)=C1NCCCN/1)[O-],240.03,216.9650124,-23.06498764
O=[N+](C(C1=NN=NN1)C2=NN=NN2)[O-],238,201.1486017,-36.85139834
C[C@H]1CNC(=C([N+](=O)[O-])[N+](=O)[O-])N1,237.83,218.1480166,-19.6819834
CC(CN/1)NC1=C([N+]([O-])=O)/[N+]([O-])=O,237.83,217.1480689,-20.68193105
N/C(NN)=C([N+]([O-])=O)\C1=NN=NN1,237,226.2618753,-10.73812469
O=[N+](/C([N+]([O-])=O)=C1NC2C(CCCC2)N/1)[O-],235.36,241.2803705,5.920370506
O=[N+]([O-])C(=C1N[C@@H]2CCCC[C@H]2N1)[N+](=O)[O-],235.36,241.7162512,6.356251195
O=[N+](C1([N+]([O-])=O)[C@@H]2N([N+]([O-])=O)[C@H]3C([N+]([O-])=O)([N+]([O-])=O)[C@H](N([N+]([O-])=O)[C@@H]1C3)C2)[O-],235,234.0614418,-0.938558207
O=C1NNC(N1NCC([N+]([O-])=O)([N+]([O-])=O)[N+]([O-])=O)=O,235,172.751912,-62.24808802
O=[N+]([O-])C(CNc1nonc1/N=N\c1nonc1NCC([N+](=O)[O-])([N+](=O)[O-])[N+](=O)[O-])([N+](=O)[O-])[N+](=O)[O-],230,172.0100655,-57.98993452
N/C(C([N+]([O-])=O)[N+]([O-])=O)=N\N=C\C=N\N=C(N)\C([N+]([O-])=O)[N+]([O-])=O,225,176.900496,-48.09950395
O=C(C1)OCC(COC1=O)([N+]([O-])=O)[N+]([O-])=O,223,219.2620588,-3.73794119
O=[N+](/C([N+]([O-])=O)=C1NCCN/1)[O-],219,206.6676324,-12.3323676
[N-]=[N+]=NC1C2CC3CC(CC1C3([N+](=O)[O-])[N+](=O)[O-])C2([N+](=O)[O-])[N+](=O)[O-],219,223.8130652,4.813065224
O=[N+](N1C(N2CC([N+]([O-])=O)([N+]([O-])=O)[N+]([O-])=O)C3N([N+]([O-])=O)C1C4N([N+]([O-])=O)C(N3CC([N+]([O-])=O)([N+]([O-])=O)[N+]([O-])=O)C2N4[N+]([O-])=O)[O-],216,198.7777763,-17.22222366
O=[N+](N1C2C(N([N+]([O-])=O)C13)N([N+]([O-])=O)C(N([N+]([O-])=O)C3N4[N+]([O-])=O)C4N2CC([N+]([O-])=O)([N+]([O-])=O)[N+]([O-])=O)[O-],212,205.0394898,-6.960510153
O=[N+](/C([N+]([O-])=O)=C1NCOCN/1)[O-],209,203.4251666,-5.574833437
N/C(NC(N)=O)=C([N+]([O-])=O)\[N+]([O-])=O,209,182.1102886,-26.88971144
O=[N+](C([N+]([O-])=O)([N+]([O-])=O)CNC1=NON=C1NC2=NN=C(NC3=NON=C3NCC([N+]([O-])=O)([N+]([O-])=O)[N+]([O-])=O)N=N2)[O-],204,174.3850017,-29.61499826
O=[N+]([O-])C(CNc1nonc1C1=NOC(c2nonc2NCC([N+](=O)[O-])([N+](=O)[O-])[N+](=O)[O-])=NO1)([N+](=O)[O-])[N+](=O)[O-],203,158.4148455,-44.58515453
O=[N+](/C([N+]([O-])=O)=C1NCCCCN/1)[O-],203,221.4366163,18.43661627
O=[N+](C1=C(C([N+]([O-])=O)=NN1C[N+]([O-])=O)[N+]([O-])=O)[O-],202,154.4103389,-47.58966113
O=C1OCC(COC1=O)([N+]([O-])=O)[N+]([O-])=O,201,206.0871433,5.08714327
CC1=NC(C2=NON=C2NCC([N+]([O-])=O)([N+]([O-])=O)[N+]([O-])=O)=NO1,200,175.2025216,-24.79747843
O=C(NCNC(NCC([N+]([O-])=O)([N+]([O-])=O)[N+]([O-])=O)=O)NCC([N+]([O-])=O)([N+]([O-])=O)[N+]([O-])=O,199,160.1090258,-38.8909742
O=[N+](C(COCOCC([N+]([O-])=O)([N+]([O-])=O)[N+]([O-])=O)([N+]([O-])=O)[N+]([O-])=O)[O-],195,177.0862418,-17.91375822
O=C(OCC([N+]([O-])=O)([N+]([O-])=O)[N+]([O-])=O)C1=C([N+]([O-])=O)C=C([N+]([O-])=O)C=C1[N+]([O-])=O,193,187.3352612,-5.664738792
O=C(OCC([N+]([O-])=O)([N+]([O-])=O)[N+]([O-])=O)C1=C([N+]([O-])=O)C=C(C(OCC([N+]([O-])=O)([N+]([O-])=O)[N+]([O-])=O)=O)C([N+]([O-])=O)=C1,192.5,186.7015442,-5.798455769
O=C(OCC([N+]([O-])=O)([N+]([O-])=O)C)N,192,172.3564553,-19.64354471
O=[N+](C(COC(OCC([N+]([O-])=O)([N+]([O-])=O)[N+]([O-])=O)OCC([N+]([O-])=O)([N+]([O-])=O)[N+]([O-])=O)([N+]([O-])=O)[N+]([O-])=O)[O-],192,178.5371266,-13.46287336
O=[N+]([O-])C(=C1N[C@@H]2OCCO[C@H]2N1)[N+](=O)[O-],191.73,193.3725046,1.642504639
CCOC(CN([N+]([O-])=O)C(OCC([N+]([O-])=O)([N+]([O-])=O)[N+]([O-])=O)=O)=O,190,165.7421894,-24.25781056
O=[N+](C([N+]([O-])=O)([N+]([O-])=O)CNC1=NC2=NON=C2N=C1NCC([N+]([O-])=O)([N+]([O-])=O)[N+]([O-])=O)[O-],190,176.9264362,-13.07356381
CC1=NC(C([N+]([O-])=O)([N+]([O-])=O)[N+]([O-])=O)=NO1,190,158.3811981,-31.61880189
O=[N+](/C([N+]([O-])=O)=C1NCN(CN2CN/C(NC2)=C([N+]([O-])=O)/[N+]([O-])=O)CN\1)[O-],188,183.047869,-4.952130954
O=[N+](C1([N+]([O-])=O)CN([N+]([O-])=O)CN([N+]([O-])=O)C1)[O-],188,206.6498006,18.64980061
O=[N+](C(CNC1=NON=C1C2=NOC(C3=NC(C4=NON=C4NCC([N+]([O-])=O)([N+]([O-])=O)[N+]([O-])=O)=NO3)=N2)([N+]([O-])=O)[N+]([O-])=O)[O-],187.5,173.853946,-13.64605402
Nc1c([N+](=O)[O-])nn(C[N+](=O)[O-])c1[N+](=O)[O-],186,199.4883337,13.48833372
O=C(NCC([N+]([O-])=O)([N+]([O-])=O)[N+]([O-])=O)OCC([N+]([O-])=O)([N+]([O-])=O)[N+]([O-])=O,186,172.71793,-13.28207
O=C(C(OCC([N+]([O-])=O)([N+]([O-])=O)[N+]([O-])=O)=O)OCC([N+]([O-])=O)([N+]([O-])=O)[N+]([O-])=O,186,178.1202845,-7.879715532
O=[N+]([O-])C(=C1N[C@@H](O)[C@H](O)N1)[N+](=O)[O-],184.81,166.0346398,-18.77536015
O=C(NC(OCC([N+]([O-])=O)([N+]([O-])=O)[N+]([O-])=O)=O)CCC([N+]([O-])=O)([N+]([O-])=O)[N+]([O-])=O,183,175.2926513,-7.70734874
O=C(NC(OCC([N+]([O-])=O)([N+]([O-])=O)[N+]([O-])=O)=O)OCC([N+]([O-])=O)([N+]([O-])=O)[N+]([O-])=O,183,181.2661982,-1.733801836
O=[N+](C([N+]([O-])=O)([N+]([O-])=O)CNC1=NN=NN1CCN2N=NN=C2NCC([N+]([O-])=O)([N+]([O-])=O)[N+]([O-])=O)[O-],183,160.8806562,-22.1193438
CN([N+]([O-])=O)CNC(OCC([N+]([O-])=O)([N+]([O-])=O)[N+]([O-])=O)=O,183,153.6281633,-29.3718367
O=C(CN([N+]([O-])=O)CC([N+]([O-])=O)([N+]([O-])=O)[N+]([O-])=O)OCC([N+]([O-])=O)([N+]([O-])=O)[N+]([O-])=O,183,164.005409,-18.99459098
O=[N+](C([N+]([O-])=O)([N+]([O-])=O)CNN1C(NN2N=NN=C2)=NN=C1)[O-],182,138.8338299,-43.16617006
O=C(OCC(COC(N)=O)([N+]([O-])=O)[N+]([O-])=O)N,182,197.3828773,15.38287729
O=[N+](CC1=NN=C(O1)C2=NN=C(C[N+]([O-])=O)O2)[O-],180.7,184.5696893,3.869689273
CC(C)(C)N1CN/C(NC1)=C([N+]([O-])=O)\[N+]([O-])=O,180.5,211.9393144,31.43931438
O=C(CCN(C(C(N(CCC(OCC([N+]([O-])=O)([N+]([O-])=O)[N+]([O-])=O)=O)[N+]([O-])=O)=O)=O)[N+]([O-])=O)OCC([N+]([O-])=O)([N+]([O-])=O)[N+]([O-])=O,180,171.4483195,-8.551680475
CN(CC(OCC([N+]([O-])=O)([N+]([O-])=O)[N+]([O-])=O)=O)[N+]([O-])=O,178,156.3146037,-21.68539628
CCOC(CNC(OCC([N+]([O-])=O)([N+]([O-])=O)[N+]([O-])=O)=O)=O,177,179.3688993,2.368899275
O=C(OCC([N+]([O-])=O)([N+]([O-])=O)COC(OCC([N+]([O-])=O)([N+]([O-])=O)[N+]([O-])=O)=O)OCC([N+]([O-])=O)([N+]([O-])=O)[N+]([O-])=O,176,191.7306764,15.7306764
OC(CCC([N+]([O-])=O)([N+]([O-])=O)[N+]([O-])=O)=O,176,153.7771277,-22.22287233
O=[N+](N1CN=C2N(CN([N+]([O-])=O)CC2([N+]([O-])=O)[N+]([O-])=O)C1)[O-],176,170.0949581,-5.90504189
OC1C(O)N/C(N1)=C([N+]([O-])=O)/[N+]([O-])=O,175,167.2868076,-7.713192432
O=[N+](C(COC1=NC(OCC([N+]([O-])=O)([N+]([O-])=O)[N+]([O-])=O)=NC(OC)=N1)([N+]([O-])=O)[N+]([O-])=O)[O-],173.07,174.2726913,1.202691265
O=[N+](C([N+]([O-])=O)([N+]([O-])=O)N1N=C([N+]([O-])=O)N=C1C2=NNC=N2)[O-],172,135.0847843,-36.91521566
O=C(N[N+]([O-])=O)OC1C2C3([N+]([O-])=O)C(O1)C(OC(N[N+]([O-])=O)=O)OC3C(OC(N[N+]([O-])=O)=O)O2,172,165.8717935,-6.128206474
O=C(CN(CC([N+]([O-])=O)([N+]([O-])=O)[N+]([O-])=O)[N+]([O-])=O)OCC,172,155.1242099,-16.87579014
CC1=NC(C2=NON=C2N([N+]([O-])=O)CC([N+]([O-])=O)([N+]([O-])=O)[N+]([O-])=O)=NO1,172,141.1292343,-30.87076566
O=C(N[N+]([O-])=O)OCC(COC(N[N+]([O-])=O)=O)([N+]([O-])=O)C(COC(N[N+]([O-])=O)=O)([N+]([O-])=O)COC(N[N+]([O-])=O)=O,172,165.4636895,-6.536310526
O=[N+]([O-])c1cn(NCC([N+](=O)[O-])([N+](=O)[O-])[N+](=O)[O-])c([N+](=O)[O-])n1,172,149.0422488,-22.95775118
O=[N+]([O-])c1ncn(NCC([N+](=O)[O-])([N+](=O)[O-])[N+](=O)[O-])c1[N+](=O)[O-],171,147.5767777,-23.42322231
N/C(NNC(N)=O)=C([N+]([O-])=O)\[N+]([O-])=O,170,165.7446369,-4.255363129
O=C(NCN([N+]([O-])=O)CC([N+]([O-])=O)([N+]([O-])=O)[N+]([O-])=O)OCC([N+]([O-])=O)([N+]([O-])=O)[N+]([O-])=O,170,164.9839717,-5.016028274
[N-]=[N+]=Nc1nc(OCC([N+](=O)[O-])([N+](=O)[O-])[N+](=O)[O-])nc(OCC([N+](=O)[O-])([N+](=O)[O-])[N+](=O)[O-])n1,169.9,170.9670721,1.067072056
O=[N+]([O-])C(COc1nc(OCC([N+](=O)[O-])([N+](=O)[O-])[N+](=O)[O-])nc(C([N+](=O)[O-])([N+](=O)[O-])[N+](=O)[O-])n1)([N+](=O)[O-])[N+](=O)[O-],169.5,169.2716601,-0.22833988
O=C(OCC([N+]([O-])=O)([N+]([O-])=O)COC(NCC([N+]([O-])=O)([N+]([O-])=O)[N+]([O-])=O)=O)NCC([N+]([O-])=O)([N+]([O-])=O)[N+]([O-])=O,169,185.6006936,16.6006936
O=C(NC(NC(OCC([N+]([O-])=O)([N+]([O-])=O)[N+]([O-])=O)=O)=O)OCC([N+]([O-])=O)([N+]([O-])=O)[N+]([O-])=O,169,178.1102083,9.11020825
O=C(C1[N+]([O-])=O)OCC(COC1=O)([N+]([O-])=O)[N+]([O-])=O,169,183.9135432,14.91354321
NC1=NON=C1C2=NO[N+]([O-])=C2C3=NON=C3NCC([N+]([O-])=O)([N+]([O-])=O)[N+]([O-])=O,169,167.3157298,-1.684270151
O=[N+](C(COC1=NC(OCC([N+]([O-])=O)([N+]([O-])=O)[N+]([O-])=O)=NC(OCC([N+]([O-])=O)([N+]([O-])=O)[N+]([O-])=O)=N1)([N+]([O-])=O)[N+]([O-])=O)[O-],168.45,173.9427517,5.492751654
O=[N+](C([N+]([O-])=O)([N+]([O-])=O)CNC1=NC(C2=NON=C2NCC([N+]([O-])=O)([N+]([O-])=O)[N+]([O-])=O)=NN1)[O-],168,165.4078205,-2.592179521
O=C1N=C(OCC([N+]([O-])=O)([N+]([O-])=O)[N+]([O-])=O)N=C(OCC([N+]([O-])=O)([N+]([O-])=O)[N+]([O-])=O)N1,167.3,165.1948625,-2.105137525
[O-][N+]1=C(C2=NON=C2NCC([N+]([O-])=O)([N+]([O-])=O)[N+]([O-])=O)C(C3=NON=C3NCC([N+]([O-])=O)([N+]([O-])=O)[N+]([O-])=O)=NO1,167,156.1879864,-10.81201358
OC(CN([N+]([O-])=O)CC([N+]([O-])=O)([N+]([O-])=O)[N+]([O-])=O)=O,167,143.6449968,-23.35500317
O=[N+](C([N+]([O-])=O)([N+]([O-])=O)CNC1=NN=NN1CCCCN2N=NN=C2NCC([N+]([O-])=O)([N+]([O-])=O)[N+]([O-])=O)[O-],166,162.9353086,-3.064691449
O=[N+]([O-])c1nc(-c2nc([N+](=O)[O-])nn2C([N+](=O)[O-])[N+](=O)[O-])n(C([N+](=O)[O-])[N+](=O)[O-])n1,166,136.3124133,-29.68758675
CC(=O)O[C@H]1NC(=C([N+](=O)[O-])[N+](=O)[O-])N[C@@H]1OC(C)=O,165.36,178.4468666,13.08686664
O=[N+](C([N+]([O-])=O)C1=NOC=N1)[O-],165,133.6915151,-31.30848493
O=C(OC1N/C(NC1OC(C)=O)=C([N+]([O-])=O)\[N+]([O-])=O)C,165,180.6310445,15.63104447
CN1C(C([N+]([O-])=O)([N+]([O-])=O)[N+]([O-])=O)=NC(/N=N/C2=NN(C)C(C([N+]([O-])=O)([N+]([O-])=O)[N+]([O-])=O)=N2)=N1,165,139.801639,-25.19836097
O=C(C1=NC([N+]([O-])=O)=NN1C([N+]([O-])=O)([N+]([O-])=O)[N+]([O-])=O)C2=NC([N+]([O-])=O)=NN2C([N+]([O-])=O)([N+]([O-])=O)[N+]([O-])=O,164,140.9596766,-23.04032338
O=C(OCC([N+]([O-])=O)([N+]([O-])=O)[N+]([O-])=O)N([N+]([O-])=O)CCN([N+]([O-])=O)CC([N+]([O-])=O)([N+]([O-])=O)[N+]([O-])=O,164,162.6373033,-1.362696725
O=[N+](C1=CC([N+]([O-])=O)=C(/N=N/C2([N+]([O-])=O)CCCCC2)C=C1)[O-],164,183.6623681,19.66236807
OCCCC([N+]([O-])=O)([N+]([O-])=O)CCCO,163.42,174.7305969,11.31059687
N/C(N1C(C)(O)CC(C)=N1)=C([N+]([O-])=O)/[N+]([O-])=O,163.2,171.6759537,8.475953657
O=C(N1)ON=C1C2=NON=C2NCC([N+]([O-])=O)([N+]([O-])=O)[N+]([O-])=O,161.1,160.2706593,-0.829340714
O=C(N([N+]([O-])=O)CN([N+]([O-])=O)CC([N+]([O-])=O)([N+]([O-])=O)[N+]([O-])=O)OCC([N+]([O-])=O)([N+]([O-])=O)[N+]([O-])=O,161,170.7486895,9.748689512
OC(C1O[N+]([O-])=O)C(C(C(O)C1[N+]([O-])=O)O[N+]([O-])=O)[N+]([O-])=O,160,154.0622727,-5.93772726
O=[N+]([O-])c1nn(C([N+](=O)[O-])([N+](=O)[O-])[N+](=O)[O-])c2c([N+](=O)[O-])nn(C([N+](=O)[O-])([N+](=O)[O-])[N+](=O)[O-])c12,160,152.0609855,-7.939014539
O=C(N[N+]([O-])=O)OC1C(OC(N[N+]([O-])=O)=O)C([N+]([O-])=O)C(OC(N[N+]([O-])=O)=O)C(OC(N[N+]([O-])=O)=O)C1[N+]([O-])=O,160,152.0508263,-7.949173739
O=[N+](C([N+]([O-])=O)([N+]([O-])=O)N1N=C([N+]([O-])=O)N=C1)[O-],160,129.503888,-30.49611205
O=[N+]([O-])N(CC([N+](=O)[O-])([N+](=O)[O-])[N+](=O)[O-])c1nonc1/N=N\c1nonc1N(CC([N+](=O)[O-])([N+](=O)[O-])[N+](=O)[O-])[N+](=O)[O-],159,152.065561,-6.934439047
O=[N+](/C([N+]([O-])=O)=C1NCN([N+]([O-])=O)CN\1)[O-],158,170.1795915,12.1795915
O=C(OCC(COC(N[N+]([O-])=O)=O)([N+]([O-])=O)[N+]([O-])=O)N[N+]([O-])=O,158,154.9956799,-3.004320117
O=[N+](C([N+]([O-])=O)([N+]([O-])=O)C1=NN(C([N+]([O-])=O)([N+]([O-])=O)[N+]([O-])=O)C=N1)[O-],157,137.8219002,-19.17809976
[C-]#[N+]c1nonc1N(CC([N+](=O)[O-])([N+](=O)[O-])[N+](=O)[O-])[N+](=O)[O-],156,134.4027689,-21.59723105
O=C(N[N+](=O)[O-])OCCCC([N+](=O)[O-])([N+](=O)[O-])[N+](=O)[O-],156,141.4379885,-14.56201147
O=[N+](CN1C([N+]([O-])=O)=C([N+]([O-])=O)N=C1)[O-],156,179.1119292,23.11192916
O=[N+](O[C@H]1OC2C3([N+]([O-])=O)C1O[C@H](O[N+]([O-])=O)C3O[C@@H]2O[N+]([O-])=O)[O-],156,148.980686,-7.019313978
NC1=NC(NCC([N+]([O-])=O)([N+]([O-])=O)[N+]([O-])=O)=NO1,155,152.7531976,-2.246802443
O=[N+](/C([N+]([O-])=O)=C1NCN(N=O)CN\1)[O-],155,159.400613,4.400613041
O=C(NCC([N+]([O-])=O)([N+]([O-])=O)[N+]([O-])=O)CCC([N+]([O-])=O)([N+]([O-])=O)[N+]([O-])=O,155,146.9586199,-8.041380149
O=C(OCC([N+]([O-])=O)([N+]([O-])=O)[N+]([O-])=O)CCC([N+]([O-])=O)([N+]([O-])=O)[N+]([O-])=O,155,167.6243385,12.62433853
O=[N+](C(CNC1=NON=C1NCC([N+]([O-])=O)([N+]([O-])=O)[N+]([O-])=O)([N+]([O-])=O)[N+]([O-])=O)[O-],154.2,159.235651,5.03565102
NC(OC(C)C([N+]([O-])=O)([N+]([O-])=O)[N+]([O-])=O)=O,154,148.2320222,-5.767977837
O=[N+](C([N+]([O-])=O)([N+]([O-])=O)C1=NNC=C1[N+]([O-])=O)[O-],154,118.5462829,-35.45371714
CN1C([N+]([O-])=O)=NC(C([N+]([O-])=O)([N+]([O-])=O)[N+]([O-])=O)=N1,153,136.2234365,-16.7765635
O=[N+](C([N+]([O-])=O)([N+]([O-])=O)N1N=C([N+]([O-])=O)N=C1C2=NN(C([N+]([O-])=O)([N+]([O-])=O)[N+]([O-])=O)C=N2)[O-],152,138.1115067,-13.88849327
O=[N+](C(CN([N+]([O-])=O)C1=NON=C1C2=NOC(C3=NC(C4=NON=C4N([N+]([O-])=O)CC([N+]([O-])=O)([N+]([O-])=O)[N+]([O-])=O)=NO3)=N2)([N+]([O-])=O)[N+]([O-])=O)[O-],151.5,143.289558,-8.210441952
O=[N+](C1=C(C(C(N(C([N+]([O-])=O)([N+]([O-])=O)[N+]([O-])=O)N=C2[N+]([O-])=O)=C2[N+]([O-])=O)=NN1)[N+]([O-])=O)[O-],150,152.9397539,2.939753859
O=[N+](C([N+]([O-])=O)([N+]([O-])=O)CNC1=NN=NN1)[O-],150,146.8931698,-3.10683021
CN1C=C[N+]([C-]([N+]([O-])=O)[N+]([O-])=O)=N1,150,140.530256,-9.46974403
O=[N+](N=C1NN=C(C2=NN=C(C[N+]([O-])=O)O2)N1)[O-],150,164.1158491,14.11584905
CN(CC(NC(OCC([N+]([O-])=O)([N+]([O-])=O)[N+]([O-])=O)=O)=O)[N+]([O-])=O,150,151.4772452,1.477245239
O=[N+](C([N+]([O-])=O)([N+]([O-])=O)C1=NC(/N=N/C2=NNC(C([N+]([O-])=O)([N+]([O-])=O)[N+]([O-])=O)=N2)=NN1)[O-],150,133.7652062,-16.23479382
NC1=NC(OCC([N+]([O-])=O)([N+]([O-])=O)[N+]([O-])=O)=NC(OCC([N+]([O-])=O)([N+]([O-])=O)[N+]([O-])=O)=N1,148.6,172.7281098,24.12810979
O=C(OCC(COC(N[N+]([O-])=O)=O)([N+]([O-])=O)COC(N[N+]([O-])=O)=O)N[N+]([O-])=O,148,166.2075573,18.20755729
O=C(C(NNCC([N+]([O-])=O)([N+]([O-])=O)[N+]([O-])=O)=O)NNCC([N+]([O-])=O)([N+]([O-])=O)[N+]([O-])=O,148,137.5524389,-10.44756112
O=[N+](C([N+]([O-])=O)([N+]([O-])=O)C1=NNC(C2=NC(C([N+]([O-])=O)([N+]([O-])=O)[N+]([O-])=O)=NN2)=N1)[O-],148,128.0724534,-19.92754658
O=[N+](C([N+]([O-])=O)([N+]([O-])=O)CNC1=NN=NN1OC)[O-],148,137.6395337,-10.3604663
O=[N+](C([N+]([O-])=O)([N+]([O-])=O)NCC1=NON=C1NCC([N+]([O-])=O)([N+]([O-])=O)[N+]([O-])=O)[O-],147,144.4804322,-2.519567792
CN([N+]([O-])=O)CN([N+]([O-])=O)C(OCC([N+]([O-])=O)([N+]([O-])=O)[N+]([O-])=O)=O,147,155.2099386,8.209938633
O=[N+](C([N+]([O-])=O)([N+]([O-])=O)C1=NN(CN2C=NC(C([N+]([O-])=O)([N+]([O-])=O)[N+]([O-])=O)=N2)C=N1)[O-],147,140.5863145,-6.413685492
O=[N+](C([N+]([O-])=O)([N+]([O-])=O)CNC1=NN=NN1OCCON2N=NN=C2NCC([N+]([O-])=O)([N+]([O-])=O)[N+]([O-])=O)[O-],147,164.7029862,17.70298622
O=[N+](C([N+]([O-])=O)([N+]([O-])=O)COC(N)=O)[O-],146,152.4116421,6.41164211
O=[N+](C([N+]([O-])=O)([N+]([O-])=O)CNC1=NN=NN1CCO)[O-],146,139.4724751,-6.527524881
[N-]=[N+]=NC1=NC(N([N+]([O-])=O)CC([N+]([O-])=O)([N+]([O-])=O)[N+]([O-])=O)=NC(N([N+]([O-])=O)CC([N+]([O-])=O)([N+]([O-])=O)[N+]([O-])=O)=N1,145.81,141.5259517,-4.284048312
O=C(OCCCC([N+]([O-])=O)([N+]([O-])=O)[N+]([O-])=O)N,145,155.5637053,10.56370534
O=[N+](N1C2N([N+]([O-])=O)C3C1N(CN=[N+]=[N-])C4C(N3CC([N+]([O-])=O)([N+]([O-])=O)[N+]([O-])=O)N([N+]([O-])=O)C2N4[N+]([O-])=O)[O-],145,174.0995464,29.09954642
O=C(NC(C)C([N+]([O-])=O)([N+]([O-])=O)[N+]([O-])=O)NC(C)C([N+]([O-])=O)([N+]([O-])=O)[N+]([O-])=O,144,137.2558594,-6.744140558
O=[N+](C([N+]([O-])=O)([N+]([O-])=O)CN([N+]([O-])=O)C1=NON=C1NC2=NN=C(NC3=NON=C3N([N+]([O-])=O)CC([N+]([O-])=O)([N+]([O-])=O)[N+]([O-])=O)N=N2)[O-],144,145.7624077,1.762407722
O=[N+](C([N+]([O-])=O)([N+]([O-])=O)C1=NNC(C2=NON=C2/N=N/C3=NON=C3C4=NC(C([N+]([O-])=O)([N+]([O-])=O)[N+]([O-])=O)=NN4)=N1)[O-],144,143.4745204,-0.525479623
O=[N+](C([N+]([O-])=O)([N+]([O-])=O)CNC1=NN=NN1CCCN2N=NN=C2NCC([N+]([O-])=O)([N+]([O-])=O)[N+]([O-])=O)[O-],143,157.9298364,14.92983641
[NH2+]=C1OC([C-]([N+]([O-])=O)[N+]([O-])=O)=NN1N,143,118.2977436,-24.70225635
[N-]=c1oc([C+]([N+](=O)[O-])[N+](=O)[O-])nn1N,143,123.0011753,-19.99882468
CN1C(NCC([N+]([O-])=O)([N+]([O-])=O)[N+]([O-])=O)=NN=N1,143,144.6870077,1.68700768
O=[N+](C(C1=NC(C([N+]([O-])=O)([N+]([O-])=O)[N+]([O-])=O)=NN1)[N+]([O-])=O)[O-],143,116.8811381,-26.11886189
O=[N+](C1=NN(C([N+]([O-])=O)([N+]([O-])=O)[N+]([O-])=O)C([N+]([O-])=O)=C1)[O-],143,134.3972078,-8.602792194
O=C(NCC([N+]([O-])=O)([N+]([O-])=O)[N+]([O-])=O)NCC([N+]([O-])=O)([N+]([O-])=O)[N+]([O-])=O,142,147.3919296,5.391929585
O=[N+](C([N+]([O-])=O)([N+]([O-])=O)CNC1=NN=NN1CCN(CCN2N=NN=C2NCC([N+]([O-])=O)([N+]([O-])=O)[N+]([O-])=O)CCN3C(NCC([N+]([O-])=O)([N+]([O-])=O)[N+]([O-])=O)=NN=N3)[O-],141,150.8812006,9.881200563
O=[N+]([O-])c1ncn(NCC([N+](=O)[O-])([N+](=O)[O-])[N+](=O)[O-])n1,141,140.7617422,-0.238257799
CC1=NON=C1C2=C([N+]([O-])=O)C([N+]([O-])=O)=NN2C([N+]([O-])=O)([N+]([O-])=O)[N+]([O-])=O,141,143.8109888,2.810988817
O=[N+](C1=CN(C([N+]([O-])=O)([N+]([O-])=O)[N+]([O-])=O)N=C1[N+]([O-])=O)[O-],141,130.0220096,-10.97799038
O=[N+](C([N+]([O-])=O)([N+]([O-])=O)C1=NCN([N+]([O-])=O)CN1[N+]([O-])=O)[O-],141,129.1651284,-11.83487161
O=C(OCC([N+]([O-])=O)([N+]([O-])=O)[N+]([O-])=O)N[N+]([O-])=O,140,136.842108,-3.157892027
O=[N+](C([N+]([O-])=O)C1=NON=C1/N=N/C2=NON=C2C([N+]([O-])=O)[N+]([O-])=O)[O-],140,108.2509057,-31.74909435
O=C(OCC([N+]([O-])=O)([N+]([O-])=O)C)N[N+]([O-])=O,140,140.5504134,0.550413437
O=[N+](C(C1=NCOCN1[N+]([O-])=O)([N+]([O-])=O)[N+]([O-])=O)[O-],140,127.4816969,-12.51830312
O=[N+]([O-])c1cn(NCC([N+](=O)[O-])([N+](=O)[O-])[N+](=O)[O-])cn1,139,149.0384647,10.03846472
[N-]=c1[nH]nc([C+]([N+](=O)[O-])[N+](=O)[O-])o1,138,129.1565799,-8.843420076
Cc1nonc1N(CC([N+](=O)[O-])([N+](=O)[O-])[N+](=O)[O-])[N+](=O)[O-],138,130.5117686,-7.488231429
[NH2+]=C1OC([C-]([N+]([O-])=O)[N+]([O-])=O)=NN1,137.7,134.3478512,-3.352148801
O=[N+](/C([N+]([O-])=O)=C1NCN(CC([N+]([O-])=O)([N+]([O-])=O)[N+]([O-])=O)CN\1)[O-],137,133.1158294,-3.884170608
O=[N+](C(N(C(C(N=C1)=NN1[N+]([O-])=O)=N2)N=C2[N+]([O-])=O)([N+]([O-])=O)[N+]([O-])=O)[O-],136,142.4631455,6.463145548
[N-]=[N+]=Nc1c([N+](=O)[O-])ncn1NCC([N+](=O)[O-])([N+](=O)[O-])[N+](=O)[O-],136,127.7449905,-8.255009541
O=[N+](C([N+]([O-])=O)([N+]([O-])=O)C1=NCN([N+]([O-])=O)CN1)[O-],136,124.6692239,-11.3307761
O=[N+]([O-])c1ccn(C([N+](=O)[O-])[N+](=O)[O-])n1,135.8,122.9260969,-12.87390312
O=[N+]([O-])C(/C=N/CC([N+](=O)[O-])([N+](=O)[O-])[N+](=O)[O-])([N+](=O)[O-])[N+](=O)[O-],135.3,139.4625642,4.162564163
O=[N+]([O-])c1nonc1N(CC([N+](=O)[O-])([N+](=O)[O-])[N+](=O)[O-])[N+](=O)[O-],135,122.7641395,-12.23586046
O=[N+](/C([N+]([O-])=O)=C(NCN/1)\NC1=C([N+]([O-])=O)/[N+]([O-])=O)[O-],135,148.2699145,13.26991452
O=[N+](C(CN=CC([N+]([O-])=O)([N+]([O-])=O)[N+]([O-])=O)([N+]([O-])=O)[N+]([O-])=O)[O-],135,139.021994,4.021993961
O=[N+](C([N+]([O-])=O)([N+]([O-])=O)C1=NNC([N+]([O-])=O)=N1)[O-],135,127.2489184,-7.751081616
O=[N+]([O-])N1C(C([N+](=O)[O-])([N+](=O)[O-])[N+](=O)[O-])=NC2OCCOC21,134.92,128.4968049,-6.423195138
O=[N+](C([N+]([O-])=O)([N+]([O-])=O)C1=NCCCN1[N+]([O-])=O)[O-],134.4,121.3983871,-13.00161288
O=[N+](C1=NON=C1C2=NN(C([N+]([O-])=O)([N+]([O-])=O)[N+]([O-])=O)C=C2[N+]([O-])=O)[O-],134,144.0148206,10.01482061
O=[N+](C1=NON=C1C2=C([N+]([O-])=O)C([N+]([O-])=O)=NN2C([N+]([O-])=O)([N+]([O-])=O)[N+]([O-])=O)[O-],134,137.4481719,3.448171853
CN([N+]([O-])=O)CN1N=C(C([N+]([O-])=O)([N+]([O-])=O)[N+]([O-])=O)N=N1,134,112.8741131,-21.12588691
O=C(OC(C)C([N+]([O-])=O)([N+]([O-])=O)[N+]([O-])=O)N[N+]([O-])=O,133,133.8344126,0.834412637
O=[N+](C(CNC1=NNC=N1)([N+]([O-])=O)[N+]([O-])=O)[O-],133,155.3779492,22.37794924
O=[N+](C([N+]([O-])=O)([N+]([O-])=O)N1C=C([N+]([O-])=O)C=N1)[O-],132,142.2851159,10.28511588
O=[N+]([O-])c1cc(-n2cnnn2)nn1C([N+](=O)[O-])([N+](=O)[O-])[N+](=O)[O-],132,122.3544053,-9.645594656
O=[N+]([O-])c1ncn(C([N+](=O)[O-])[N+](=O)[O-])n1,130.5,127.6852143,-2.814785687
O=[N+](C(C1=NN(COCN2N=NC(C([N+]([O-])=O)([N+]([O-])=O)[N+]([O-])=O)=N2)N=N1)([N+]([O-])=O)[N+]([O-])=O)[O-],130,142.4576707,12.4576707
OCC1=NN=C(CO)N1NCC([N+]([O-])=O)([N+]([O-])=O)[N+]([O-])=O,129,144.5645754,15.56457538
NC(N/N=C(NC(N)=O)/C([N+]([O-])=O)[N+]([O-])=O)=O,129,143.7672866,14.76728662
O=[N+](C([N+]([O-])=O)([N+]([O-])=O)C1=NN=C2C3=NN=C(C([N+]([O-])=O)([N+]([O-])=O)[N+]([O-])=O)N3C4=NON=C4N21)[O-],128,141.6761954,13.6761954
O=[N+](N(CC([N+]([O-])=O)([N+]([O-])=O)[N+]([O-])=O)CCN(CC([N+]([O-])=O)([N+]([O-])=O)[N+]([O-])=O)[N+]([O-])=O)[O-],127,146.925101,19.92510098
N#[N+]C1=NC(C([N+]([O-])=O)([N+]([O-])=O)[N+]([O-])=O)=N[N-]1,127,130.9211923,3.921192341
O=C(NC(N=[N+]=[N-])=O)OCC([N+]([O-])=O)([N+]([O-])=O)[N+]([O-])=O,127,131.9422902,4.942290248
O=[N+](C1=CN(C([N+]([O-])=O)([N+]([O-])=O)[N+]([O-])=O)N=C1N2C=NN=N2)[O-],127,125.1831199,-1.816880138
O=[N+]([O-])N(CC([N+](=O)[O-])([N+](=O)[O-])[N+](=O)[O-])c1nonc1N(CC([N+](=O)[O-])([N+](=O)[O-])[N+](=O)[O-])[N+](=O)[O-],127,138.0899943,11.08999425
O=[N+](C1=NC=CN1C([N+]([O-])=O)([N+]([O-])=O)[N+]([O-])=O)[O-],126,128.0964058,2.096405772
O=[N+](C(CNN1C=NN=C1)([N+]([O-])=O)[N+]([O-])=O)[O-],126,139.3879043,13.38790429
O=[N+](NC1=NC(C([N+]([O-])=O)([N+]([O-])=O)[N+]([O-])=O)=NN1)[O-],125,111.0115375,-13.98846252
N/C(NN)=C([N+]([O-])=O)\[N+]([O-])=O,124,159.7917567,35.79175671
O=[N+](NC1=NNC(C([N+]([O-])=O)([N+]([O-])=O)[N+]([O-])=O)=C1[N+]([O-])=O)[O-],124,91.95554339,-32.04445661
O=[N+](C([N+]([O-])=O)([N+]([O-])=O)C1=NC(C2=NOC(C([N+]([O-])=O)([N+]([O-])=O)[N+]([O-])=O)=N2)=NO1)[O-],124,140.3129591,16.31295912
O=[N+]([O-])c1nnn(C(CO)([N+](=O)[O-])[N+](=O)[O-])n1,123.9,119.004277,-4.895723
O=[N+](N=C1NNC(N/C(NN2)=C([N+]([O-])=O)/[N+]([O-])=O)C2N1)[O-],123.4,148.2186106,24.8186106
O=[N+](C(CNCC([N+]([O-])=O)([N+]([O-])=O)[N+]([O-])=O)([N+]([O-])=O)[N+]([O-])=O)[O-],123,143.8477578,20.84775784
O=[N+](C([N+]([O-])=O)C1=NC(/N=N/C2=NOC(C([N+]([O-])=O)[N+]([O-])=O)=N2)=NO1)[O-],123,136.7643534,13.76435343
CCOC(CNCC([N+]([O-])=O)([N+]([O-])=O)[N+]([O-])=O)=O,122,170.5548084,48.55480838
O=C(N([N+]([O-])=O)CN([N+]([O-])=O)C(NCC([N+]([O-])=O)([N+]([O-])=O)[N+]([O-])=O)=O)NCC([N+]([O-])=O)([N+]([O-])=O)[N+]([O-])=O,121.2,149.6476511,28.44765112
O=[N+](C1=NN(C([N+]([O-])=O)([N+]([O-])=O)[N+]([O-])=O)C(N[N+]([O-])=O)=N1)[O-],121,106.0424839,-14.9575161
O=[N+](/C([N+]([O-])=O)=C1NN=C(N\1)C(N/2)=NNC2=C([N+]([O-])=O)/[N+]([O-])=O)[O-],121,133.1044542,12.10445416
O=[N+]([O-])N1C(C([N+](=O)[O-])([N+](=O)[O-])[N+](=O)[O-])=NC2CCCCC21,120.16,125.3838951,5.223895067
NC(CCC([N+]([O-])=O)([N+]([O-])=O)[N+]([O-])=O)=O,120,145.3916849,25.39168486
[H][C@]12CCCC[C@]1([H])N=C(C([N+]([O-])=O)([N+]([O-])=O)[N+]([O-])=O)N2[N+]([O-])=O,120,121.1380914,1.138091427
O=[N+](C([N+]([O-])=O)C1=NNC(C2=NON=C2/N=N/C3=NON=C3C4=NC(C([N+]([O-])=O)[N+]([O-])=O)=NN4)=N1)[O-],120,145.0626766,25.06267657
[NH2+]=C(N)C([N+]([O-])=O)([N+]([O-])=O)C1=NN=N[N-]1,119.85,137.4340936,17.58409356
O=[N+](C([N+]([O-])=O)([N+]([O-])=O)N1C=C([N+]([O-])=O)N=C1)[O-],119,131.976249,12.97624895
O=[N+]([O-])N(CC([N+](=O)[O-])([N+](=O)[O-])[N+](=O)[O-])c1nonc1C1=NOC(c2nonc2N(CC([N+](=O)[O-])([N+](=O)[O-])[N+](=O)[O-])[N+](=O)[O-])=NO1,119,129.6140847,10.61408473
Cn1c(C([N+](=O)[O-])([N+](=O)[O-])[N+](=O)[O-])noc1=O,119,113.4892835,-5.510716516
O=C(NNCC([N+]([O-])=O)([N+]([O-])=O)[N+]([O-])=O)NNCC([N+]([O-])=O)([N+]([O-])=O)[N+]([O-])=O,118.11,129.6320596,11.52205956
O=C(OC1N=C(C([N+]([O-])=O)([N+]([O-])=O)[N+]([O-])=O)N([N+]([O-])=O)C1OC(C)=O)C,118,129.0795261,11.07952615
O=[N+](C1=NN(NCC([N+]([O-])=O)([N+]([O-])=O)[N+]([O-])=O)C(N=[N+]=[N-])=C1[N+]([O-])=O)[O-],117,120.0492145,3.049214539
CC1N=C(C([N+]([O-])=O)([N+]([O-])=O)[N+]([O-])=O)N([N+]([O-])=O)C1,117,114.7910237,-2.208976295
O=[N+](C([N+]([O-])=O)C1=C([N+]([O-])=O)NN=C1)[O-],117,131.6793239,14.6793239
O=[N+]([O-])C(c1nc(Cc2noc(C([N+](=O)[O-])([N+](=O)[O-])[N+](=O)[O-])n2)no1)([N+](=O)[O-])[N+](=O)[O-],117,136.4188914,19.41889138
O=[N+](C([N+]([O-])=O)([N+]([O-])=O)C1=NNC(/N=N/C2=NC(C([N+]([O-])=O)([N+]([O-])=O)[N+]([O-])=O)=NN2)=N1)[O-],117,134.8298365,17.82983647
O=[N+](C(CNN1N=NN=C1)([N+]([O-])=O)[N+]([O-])=O)[O-],116,128.8235537,12.82355366
NC1=C([N+]([O-])=O)N(NCC([N+]([O-])=O)([N+]([O-])=O)[N+]([O-])=O)N=C1[N+]([O-])=O,116,158.8260062,42.82600617
O=C(NC(N[N+]([O-])=O)=O)NCC([N+]([O-])=O)([N+]([O-])=O)[N+]([O-])=O,114,119.9047516,5.904751583
O=[N+](C([N+]([O-])=O)([N+]([O-])=O)C1=NC=CC=C1)[O-],114,114.1279218,0.127921761
O=[N+](C([N+]([O-])=O)([N+]([O-])=O)C1=NN([N+]([O-])=O)C=C1)[O-],113,115.0371863,2.037186272
[H][C@]12CCCC[C@@]1([H])N=C(C([N+]([O-])=O)([N+]([O-])=O)[N+]([O-])=O)N2[N+]([O-])=O,113,120.3232678,7.323267807
O=C(C1=CC=NC=C1)NNCC([N+]([O-])=O)([N+]([O-])=O)[N+]([O-])=O,112.5,127.883872,15.38387197
O=[N+](C1=CN(NCC([N+]([O-])=O)([N+]([O-])=O)[N+]([O-])=O)N=C1)[O-],112,148.789337,36.789337
O=c1[nH]c(C([N+](=O)[O-])([N+](=O)[O-])[N+](=O)[O-])no1,112,120.8762732,8.876273202
O/C(C([N+]([O-])=O)([N+]([O-])=O)[N+]([O-])=O)=N\[N+]([O-])=O,111,111.6880904,0.688090423
O=[N+](C1=NN(NCC([N+]([O-])=O)([N+]([O-])=O)[N+]([O-])=O)C=C1[N+]([O-])=O)[O-],110,137.5355735,27.53557351
O=[N+]([O-])c1nnn(C([N+](=O)[O-])[N+](=O)[O-])n1,109.3,105.4160752,-3.883924777
O=C(C(O1)=NN=C1C([N+]([O-])=O)([N+]([O-])=O)[N+]([O-])=O)C(O2)=NN=C2C([N+]([O-])=O)([N+]([O-])=O)[N+]([O-])=O,108,118.3401337,10.34013375
[O-][N+]1=C(C2=NON=C2N([N+]([O-])=O)CC([N+]([O-])=O)([N+]([O-])=O)[N+]([O-])=O)C(C3=NON=C3N([N+]([O-])=O)CC([N+]([O-])=O)([N+]([O-])=O)[N+]([O-])=O)=NO1,108,134.3999705,26.39997046
NC1=NC([N+]([O-])=O)=NN1NCC([N+]([O-])=O)([N+]([O-])=O)[N+]([O-])=O,108,138.670111,30.67011096
CN(CC(NNCC([N+]([O-])=O)([N+]([O-])=O)[N+]([O-])=O)=O)[N+]([O-])=O,107,128.9057956,21.90579556
O=[N+](C([N+]([O-])=O)([N+]([O-])=O)C1=CC=CC(C#N)=N1)[O-],106,123.352635,17.35263499
NC1=C([N+]([O-])=O)C([N+]([O-])=O)=NN1NCC([N+]([O-])=O)([N+]([O-])=O)[N+]([O-])=O,105.2,140.9409221,35.74092207
O=C(N=[N+]=[N-])CCN([N+]([O-])=O)CC([N+]([O-])=O)([N+]([O-])=O)[N+]([O-])=O,105,117.2836334,12.28363344
O=[N+](C([N+]([O-])=O)([N+]([O-])=O)C1=NNC=C1)[O-],104,136.8417198,32.84171982
[O-]/[N+](C(C)(C)[N+]([O-])=O)=N\[N+]([O-])=O,102.7,95.51879758,-7.181202422
O=[N+](C([N+]([O-])=O)C1=NCN([N+]([O-])=O)CN1[N+]([O-])=O)[O-],102,124.8354322,22.83543225
O=[N+](C([N+]([O-])=O)([N+]([O-])=O)C1=NN=C(C([N+]([O-])=O)([N+]([O-])=O)[N+]([O-])=O)O1)[O-],102,125.2536981,23.25369805
O=[N+](C(CN([N+]([O-])=O)N1C=NN=C1)([N+]([O-])=O)[N+]([O-])=O)[O-],102,133.6196553,31.61965527
O=[N+](C([N+]([O-])=O)([N+]([O-])=O)C1=NC(C([N+]([O-])=O)([N+]([O-])=O)[N+]([O-])=O)=CC=C1)[O-],101,115.6203964,14.62039636
O=[N+](C([N+]([O-])=O)C1=NN(CN2C=NC(C([N+]([O-])=O)[N+]([O-])=O)=N2)C=N1)[O-],98,120.4276629,22.42766293
O=[N+](CC1=NN=C(O1)C2=NON=C2N[N+]([O-])=O)[O-],93,121.9256345,28.92563452
O=[N+]([O-])C(=C1NN=NN1)[N+](=O)[O-],92,118.3505469,26.35054694
O=[N+](C([N+]([O-])=O)([N+]([O-])=O)CN([N+]([O-])=O)C1=NC(C2=NON=C2N([N+]([O-])=O)CC([N+]([O-])=O)([N+]([O-])=O)[N+]([O-])=O)=NN1)[O-],91.4,127.3138559,35.91385591
O=[N+](NC1=NON=C1C2=NC(C([N+]([O-])=O)[N+]([O-])=O)=NN2)[O-],90.92,101.9867327,11.06673272
O=C(CN(CC([N+]([O-])=O)([N+]([O-])=O)[N+]([O-])=O)[N+]([O-])=O)N=[N+]=[N-],89,116.303849,27.30384897
O=[N+](C([N+]([O-])=O)C1=NN(C([N+]([O-])=O)[N+]([O-])=O)N=N1)[O-],88,92.84423653,4.844236528
O=[N+](C([N+]([O-])=O)C1=NNC([N+]([O-])=O)=N1)[O-],86,127.5455352,41.54553516
O=[N+](C([N+]([O-])=O)C1=NN=C(C([N+]([O-])=O)[N+]([O-])=O)O1)[O-],86,105.6834309,19.68343088
O=C(N=[N+]=[N-])CCC([N+]([O-])=O)([N+]([O-])=O)[N+]([O-])=O,85,116.7744902,31.77449015
[H]C([N+]([O-])=O)([N+]([O-])=O)C1=NC(/N=N/C2=NNC(C([H])([N+]([O-])=O)[N+]([O-])=O)=N2)=NN1,78,117.965873,39.96587304
O=C1NC(C([N+]([O-])=O)[N+]([O-])=O)=NO1,75,117.3909187,42.39091865
N/C(NO)=C([N+]([O-])=O)/[N+]([O-])=O,74.5,120.3536344,45.85363436
O=[N+](C([N+]([O-])=O)([N+]([O-])=O)C1=NN(C([N+]([O-])=O)[N+]([O-])=O)N=N1)[O-],70,100.365011,30.36501105
O=[N+](NC1=NON=C1C2=NC(C([N+]([O-])=O)([N+]([O-])=O)[N+]([O-])=O)=NN2)[O-],67,97.35767413,30.35767413
O=[N+](C1=NON=C1C([N+]([O-])=O)[N+]([O-])=O)[O-],56,102.8789044,46.87890442
